Time,Text,Username,Retweets
2020-08-03 06:30:47,"Jogja- HBD Mark Lee May you always be healthy and happy. Meet someone you love and care for, care for, look after you sincerely. The more successful and well-known many people. Love you more â™¡ @ NCTsmtown_127 #HappyMarkDay #MarkInOurHearts # ìŠ¤ë¬¼ ë‘˜ _ ë§ˆí¬ ê°€ _ ë¹›ë‚  _ ì‹œê°„",aku_gila_,0
2020-07-03 16:32:40,We're so thrilled to hear how our new product CalmerÂ® has been helping some peoples tinnitus! Read more about Calmer here --> https://www.flareaudio.com/pages/calmer-life,flareaudio,1071
2020-08-03 06:29:03,Indonesia Happy birthday Mark Lee Love you moreâ™¡ @NCTsmtown_127 #HappyMarkDay #MarkInOurHearts # twentytwo_markga_lightday_time #MarkLeeTimeToShine pic.twitter.com/e33YeLpjqO,aku_gila_,0
2020-08-03 06:26:18,"Result Bullseye figures, August 3, 2020 Result: 6760 Shio: Buffalo Greetings JP to the winners! #bandartogel #bandartogelter Trusted #togelonline #togelhariini #togelsgp #TogelHK #togelsd #pulautoto #livedingdong #bandartogelonline #MarkInOurHearts",pulautoto88,0
2020-08-03 06:25:47,"Output of the Macau Toto Number Afternoon, August 3, 2020 Result: 8788 Shio: Chicken Salam JP to the winners! #bandartogel #bandartogelter Trusted #togelonline #togelhariini #togelsgp #TogelHK #togelsd #pulautoto #livedingdong #bandartogelonline #MarkInOurHearts",pulautoto88,0
2020-08-03 06:19:55,@NCTsmtown_127 @NCTsmtown_DREAM Thanks for your GA. God bless you Happy birthday Mark Lee #HappyMarkDay #MarkInOurHearts #Twenty_Marka_Lightday_Time #MarkLeeTimeToShine,aku_gila_,0
2020-08-03 06:16:44,"I hope that the more successful mark in the future, the happier, the more people who will love him. Do not cpt2 pubescent :( afraid of ambyar, like to confuse him so cute to a very nice man, #HappyMarkDay #MarkInOurHearts # ìŠ¤ë¬¼ ë‘˜ _ ë§ˆí¬ ê°€ _ ë¹›ë‚  _ ì‹œê°„ #MarkLeeTimeToShine #MARKLEE",tcmyworld,0
2020-08-03 06:13:55,"Markeu lee,happy birthday. I know this is a though year but u made it. God bless U always our watermelon boy @NCTsmtown_127 @NCTsmtown #HappyMarkDay #MarkInOurHearts #ìŠ¤ë¬¼ë‘˜_ë§ˆí¬ê°€_ë¹›ë‚ _ì‹œê°„ #MarkLeeTimeToShine",atyciphobia,0
2020-08-03 06:13:25,ğšğš˜ ğš–ğšŠğš›ğš” ğš•ğšğš; ğš¢ğš˜ğšğš› ğšğš¡ğš’ğšœğšğšğš—ğšŒğš ğšğšŠğšŸğš ğš–ğš ğšğš‘ğš ğšğš‘ğš˜ğšğšğš‘ğšğšœ ğš˜ğš ğš ğš›ğš’ğšğš’ğš—ğš ğšğš‘ğš’ğšœ ğš–ğšğš•ğš˜ğšğš›ğšŠğš–ğšŠğšğš’ğšŒ ğšœğš—ğš’ğš™ğš™ğšğš. #HappyMarkDay #BelatedHappyMarkDay #MarkInOurHearts ã…‹ã…‹ã…‹ã…‹ã…‹ã…‹ã…‹ã…‹ã…‹ã…‹ã…‹,changminhyng,0
2020-08-03 06:10:50,HAPPY BIRTHDAY MARKK Sukses terus karirnya Good bless for you~ #MarkInOurHearts #mark_birthday_day_markda #markleeday #HappyMarkDay #HAPPYMARKLEEDY,KM_MAAYA89,0
2020-08-03 06:09:45,(4/4) love u mark @NCTsmtown_127 @NCTsmtown #MarkInOurHearts,imyourcookiesss,0
2020-08-03 06:08:37,(3/4) I realize that everyone loves you very much #marklee #MarkInOurHearts #happymarkday @NCTsmtown_127 @NCTsmtown,imyourcookiesss,0
2020-08-03 06:07:10,Happy Birthday! please stay healthy okey! don't be sick. You deserve to be happy Mark! Thank you for work hard #HappyMarkDay #MarkInOurHearts #ìŠ¤ë¬¼ë‘˜_ë§ˆí¬ê°€_ë¹›ë‚ _ì‹œê°„ #MarkLeeTimeToShine,marksunf,0
2020-08-03 06:05:55,(2/4) so much love #MarkInOurHearts #MARKLEE @NCTsmtown_127 @NCTsmtown,imyourcookiesss,0
2020-08-03 06:04:19,(1/4) I found a lot of #MARKLEE 's birthday ads on my Instagram . btw happy birthday mark:) #HAPPYMARKDAY #MarkInOurHearts @NCTsmtown_127 @NCTsmtown,imyourcookiesss,0
2020-08-03 06:02:09,"Happy birthday Mark Lee May you always be healthy and happy. Meet someone you love and care for, care for, look after you sincerely. The more successful and well-known many people. Love you more â™¡ @ NCTsmtown_127 #HappyMarkDay #MarkInOurHearts # ìŠ¤ë¬¼ ë‘˜ _ ë§ˆí¬ ê°€ _ ë¹›ë‚  _ ì‹œê°„",aku_gila_,0
2020-07-03 16:32:40,We're so thrilled to hear how our new product CalmerÂ® has been helping some peoples tinnitus! Read more about Calmer here --> https://www.flareaudio.com/pages/calmer-life,flareaudio,1071
2020-08-03 06:01:41,#MARKLEE #MarkInOurHearts,imyourcookiesss,0
2020-08-03 06:00:13,(2/14) so much love #MARKLEE #MarkInOurHearts,imyourcookiesss,0
2020-08-03 05:52:45,#MarkInOurHearts #Twenty_Mark_light_time,urmyhaechan,0
2020-08-03 05:52:11,still 0802 #HappyMarkDay #MarkInOurHearts #Twenty_Mark_light_time,jminaana,0
2020-08-03 05:51:41,#HAPPYMARKDAY #MarkInOurHearts #Twenty_Mark_Light_Time #MarkLeeTimeToShine,itsmeeb00,0
2020-08-03 05:49:47,"i just wanted to say thank you, because you inspires me everyday to be a better person, to follow my dream. you became a important role model to me. HAPPY BIRTHDAY MAKKU !!! #HappyMarkDay #MarkInOurHearts #ìŠ¤ë¬¼ë‘˜_ë§ˆí¬ê°€_ë¹›ë‚ _ì‹œê°„",minjilabra,0
2020-08-03 05:48:16,Can still fill out the form. Hurry! I want to give out #MARKLEE #HAPPYMARKLEEDAY #MarkInOurHearts,dudeimcools,0
2020-08-03 05:47:11,Can still fill out the form continuously #HAPPYJAEMINDAY #HAPPYMARKLEEDAY # 20thJaeminUniverse2020 #MarkInOurHearts,HwangText_Kg,0
2020-08-03 05:47:08,#HAPPYMARKDAY #MarkInOurHearts #Twenty_Mark_Light_Time #MarkLeeTimeToShine @NCTsmtown_127,DaniaLee95,0
2020-08-03 05:38:48,happy belated birthday to this precious baby boy who I want to protect with all my heart #MarkInOurHearts,clueless_em_,0
2020-07-03 16:32:40,We're so thrilled to hear how our new product CalmerÂ® has been helping some peoples tinnitus! Read more about Calmer here --> https://www.flareaudio.com/pages/calmer-life,flareaudio,1071
2020-08-03 05:36:39,#HappyMarkDay #MarkInOurHearts #Twenty_Marka_Light_Time mark best boy thank you for hosting this !! also happy early birthday,winwinsbff,0
2020-08-03 05:34:23,"it's still mark's birthday on my side of the world so I made a special firework design on animal crossing you can't really tell but it says ""hbd mark lee"" with a #HAPPYMARKDAY #MARK #MarkInOurHearts #MarkLeeTimeToShine #ë§ˆí¬ #NCT #NCT127 #ë„¤ì´ì²˜ë¦¬í¼ë¸”ë¦­ @NCTsmtown_127",skubupp,0
2020-08-03 05:34:13,@NCTsmtown_127 Happy Late Birthday Mark Lee #HAPPYMARKDAY #MarkInOurHearts,salsacaccaaa,0
2020-08-03 05:28:01,(11) #HAPPYMARKDAY #HAPPYMARKLEEDAY #MarkInOurHearts,cakechii_twt,0
2020-08-03 05:27:00,bismillah happy birthday markie #HAPPYMARKDAY #MarkInOurHearts #twenty_markga_lightday_time #MarkLeeTimeToShine #mark_birthday_day_mark #MARK #NCT127,jenyongmom,0
2020-08-03 05:26:53,#HappyMarkDay #MarkInOurHearts #Twenty_Mark_light_time,smGiReNc_liran,0
2020-08-03 05:26:43,#HappyMarkDay #MarkInOurHearts #Twenty_Mark_light_time,smGiReNc_liran,0
2020-08-03 05:25:42,I like!! (10) #HAPPYMARKDAY #HAPPYMARKLEEDAY #MarkInOurHearts,cakechii_twt,0
2020-08-03 05:23:52,Really love you (9) #HAPPYMARKDAY #HAPPYMARKLEEDAY #MarkInOurHearts,cakechii_twt,0
2020-08-03 05:21:47,"Mark was welcoming from the entrance. After entering, I was pleasantly entertained and enjoyed a drink, and I was pretty all over the world of Mark. I took pictures so much. Birthday #HappyMarkDay #MarkInOurHearts #Twenty_Mark_Light_Time",smGiReNc_liran,1
2020-08-03 05:06:39,Happy Birthay Mark Lee #HAPPYMARKDAY #MarkInOurHearts #Twenty_Marka_Lightday_Time #MarkLeeTimeToShine #Mark_Birthday_Day_MARK #MARK #NCT127,tcmyworld,0
2020-08-03 05:04:47,Close 9/8 Additional questions DM value # supermark market # nct market # wayv market # shinee market # EXO market # nctdream market #Nct127 Flea Market #Way V Market #ZOZ Market #HAPPYMARKLEEDAY #MarkInOurHearts,SweetshopC,0
2020-07-03 16:32:40,We're so thrilled to hear how our new product CalmerÂ® has been helping some peoples tinnitus! Read more about Calmer here --> https://www.flareaudio.com/pages/calmer-life,flareaudio,1071
2020-08-03 05:01:18,"Today, about 7 o'clock, they come randomly. At first, I said that I will randomize the 1st day but I completely forgot. à¸‡ à¸‡ à¸‡ à¸‡ Pic.twitter.com/1Js4gDJJVgThe media could not be played.",01805p,0
2020-08-03 04:59:54,"Time to Shine! Hope you had a wonderful birthday, Mark~ #HappyBirthdayMARKNCT #MarkInOurHearts #HAPPYMARKDAY",kpoproxsmysoxs,0
2020-08-03 04:57:01,#HappyMarkDay #MarkInOurHearts #Twenty_Mark_light_time,smGiReNc_liran,1
2020-08-03 04:56:42,FORGET POST HERE HAPPY BIRTHDAY BABY #HAPPYMARKLEEDAY #MarkInOurHearts,counud,0
2020-08-03 04:55:57,#HappyMarkDay #MarkInOurHearts #Twenty_Mark_light_time,smGiReNc_liran,1
2020-08-03 04:55:16,"Happy birthday Mark Lee Don't listen to bad guys and keep smiling, thank you for working hard and being the best. Remember that we will always be proud and support you, mau shopeepay kak #HappyMarkDay #MarkInOurHearts #ìŠ¤ë¬¼ë‘˜_ë§ˆí¬ê°€_ë¹›ë‚ _ì‹œê°„ #MarkLeeTimeToShine",oursunflower06,0
2020-08-03 04:54:42,"happy birthday to my dearest leo, mark lee! tetap jadi mark kesayangannya member nct, nctzen, markcity/maples, yaa? you deserve all the success, happiness and love in the world #HAPPYMARKDAY #MarkInOurHearts",boyzzboss,0
2020-08-03 04:53:59,"Cambodia market results, August 3, 2020 Result: 5873 Shio: Rat Congratulations to the winners, Greetings Jackpot! #SkyTogel #bandartogel #bandartogelonline #bandartogelter Trusted #bandarlivedingdong #togelonline #togelhk #togelsgp #togelsydney #togelcc #MarkInOurHearts",skytogel1,0
2020-08-03 04:53:50,happy birthday uri makeu! #HappyMarkDay #MarkInOurHearts #Twenty_Mark_Light_Time #MarkLeeTimeToShine,geresseu,0
2020-08-03 04:53:27,"Cambodia market results, August 3, 2020 Result: 5873 Shio: Rat Congratulations to the winners, Greetings Jackpot! #bandartogel #bandartogelter Trusted #togelonline #togelhariini #togelsgp #TogelHK #togelsd #pulautoto #livedingdong #bandartogelonline #MarkInOurHearts",pulautoto88,0
2020-08-03 04:48:21,"Happy birthday Mark Lee Don't listen to bad guys and keep smiling, thank you for working hard and being the best. Remember that we will always be proud and support you + dom jaktim #HappyMarkDay #MarkInOurHearts #ìŠ¤ë¬¼ë‘˜_ë§ˆí¬ê°€_ë¹›ë‚ _ì‹œê°„ #MarkLeeTimeToShine @NCTsmtown",oursunflower06,0
2020-08-03 04:34:54,Mau album set wish me luck Happy birthday to Mark #HappyMarkDay #MarkInOurHearts #Twenty_Marka_Lightday_Time #MarkLeeTimeToShine,Unnizen98,0
2020-08-03 04:34:47,mau ovoo tangerang #HAPPYMARKDAY #MarkInOurHearts #Twenty_Mark_light_time,tcmyworld,0
2020-08-03 04:26:13,"Donee, makasih udah adain GA, Wish me luck-! #HappyMarkDay #MarkInOurHearts #Mark_Birthday_Day is_MARK #MarkLeeTimeToShine",biiwahh,0
2020-08-03 04:25:58,200802 Mark v live Deg Degan banget ngedit nya soalnya boyfriend able banget #HAPPYMARKDAY #Mark #NCT #NCT127 #Twenty_Marka_Lightday_Time #HappyMarkDay #MarkInOurHearts,jeffsdream,0
2020-08-03 04:24:22,Mark Bee is 21!! #HAPPYMARKDAY #MarkInOurHearts #NCTfanart,xiaojunsgay,1
2020-08-03 04:22:43,"Happy Birthday Mark Lee I wish that today is the beginning of another wonderful and blessful year for you. Be Happy, Be Awesome. we love you Mark Lee #HAPPYMARKDAY #MarkInOurHearts #ìŠ¤ë¬¼ë‘˜_ë§ˆí¬ê°€_ë¹›ë‚ _ì‹œê°„ #MarkLeeTimeToShine #ë§ˆí¬_ìƒì¼ì´ë¼_ë‚ ì´_MARKë‹¤ #MARK #NCT127",dongpyouwuu,0
2020-08-03 04:21:13,Randomly select 10 people today at 8 PM. #HAPPYMARKLEEDAY #HappyMarkDay #MarkInOurHearts # ìŠ¤ë¬¼ ë‘˜ _ ë§ˆí¬ ê°€ _ ë¹›ë‚  _ ì‹œê°„,noinjunnolife,0
2020-08-03 04:19:16,"happy birthday, mark lee! keep healthy and always be happy, i hope you'll always surrounded by good things and good people i you! mau albumnya, wish me luck #HappyMarkDay #MarkInOurHearts #MarkLeeTimeToShine #ìŠ¤ë¬¼ë‘˜_ë§ˆí¬ê°€_ë¹›ë‚ _ì‹œê°„",eightyeightbae,0
2020-08-03 04:15:09,"Mark Lee happy birthday Thank you for making me and Nctzen happy thank you for fighting, thank you for being there for everyone Thank you for making everyone laugh #HAPPYMARKDAY #MarkInOurHearts # ìŠ¤ë¬¼ ë‘˜ _ ë§ˆí¬ ê°€ _ ë¹›ë‚  _ ì‹œê°„ #MarkLeeTimeToShine",tasyavara_,0
2020-07-03 16:32:40,We're so thrilled to hear how our new product CalmerÂ® has been helping some peoples tinnitus! Read more about Calmer here --> https://www.flareaudio.com/pages/calmer-life,flareaudio,1071
2020-08-03 04:15:00,HAPPY BIRTHDAY MARKKKK I love youuuu @NCTsmtown_127 @NCTsmtown #MarkInOurHearts,AteezyunhoW,0
2020-08-03 04:09:52,"Happy birthday Markeu, hope you are always healthy and not sick, eat lots of watermelons That's what you like besides sijeuni. Sijeuni will always support you, and always love you #HAPPYMARKLEEDAY #ë§ˆí¬_ìƒì¼ì´ë¼_ë‚ ì´_MARKë‹¤ #HAPPYMARKDAY #MarkInOurHearts",arraay_,0
2020-08-03 04:06:44,"Happy birthday MarkLee! Very happy every day. Not hurt, not sick, smile a lot. I love you. # ìŠ¤ë¬¼ ë‘˜ _ ë§ˆí¬ ê°€ _ ë¹›ë‚  _ ì‹œê°„ #HAPPYMARKDAY #MarkInOurHearts # 21stGoFromYoungMarklee",Af5746pnt,0
2020-08-03 04:04:39,#HAPPYMARKDAY #MarkInOurHearts #Twenty_Mark_Light_Time #MarkLeeTimeToShine,ChloeIlagan3,0
2020-08-03 04:04:34,"Mega Happy Birthday, our one & only #Mark Lee, Maaark! belated in every sense, as i moved overseas &amp; missed the opportunity to do so-- i love you infinitely goofâ™¡ Always &amp; i hope your day was SPECIAL @NCTsmtown_127 #HappyMarkDay #MarkInOurHearts #ìŠ¤ë¬¼ë‘˜_ë§ˆí¬ê°€_ë¹›ë‚ _ì‹œê°„",PaintedlnShawol,0
2020-08-03 04:04:07,"done a, wish me luck #HappyMarkDay #MarkInOurHearts #Twenty_Marka_Debt_Time #MarkLeeTimeToShinee",keteknyasooman,0
2020-08-03 04:01:53,Dapet ads Mark sebanyak ini di ig #Mark #Mark #ãƒãƒ¼ã‚¯ #NCT #HappyMarkDay #MarkInOurHearts #Twenty_Marka_Light_Time,talgi_uyu,0
2020-08-03 03:59:10,#HAPPYMARKLEEDAY #HAPPYJAEMINDAY #MARKINOURHEARTS,rinr_ryn,0
2020-08-03 03:54:26,One last birthday picture to celebrate our birthdays. I hope Mark had the loveliest birthday and knows just how treasured and loved he is! Thank you for the birthday wishes as well! @NCTsmtown_127 @superm #MARK #MARKLEE #HappyMarkDay #MarkInOurHearts #ìŠ¤ë¬¼ë‘˜_ë§ˆí¬ê°€_ë¹›ë‚ _ì‹œê°„,widesky0802,3
2020-08-03 03:54:09,Thank you for growing up well. #HAPPYMARKLEEDAY #MARKINOURHEARTS,jaonanax,0
2020-08-03 03:53:24,@NCTsmtown @NCTsmtown_127 #HappyMarkDay #MarkInOurHearts #Mark_Birthday_Day_MARK @md_multifan @esementtt https://twitter.com/nanadln00/status/1290133284156915713?s=21,NANAdln00,0
2020-08-03 03:50:13,HAPPY BIRTHDAY MARK LEE WISH YOU ALL THE BEST FOR OUR TALENTED BOY #HAPPYMARKLEEDAY #MarkInOurHearts,useeyun,0
2020-08-03 03:49:37,Mau album only regular #HAPPYMARKDAY #MarkInOurHearts #Twenty_Marka_Lightday_Time #MarkLeeTimeToShine,kiddoyie,0
2020-08-03 03:47:11,"Happy birthday day mark lee I hope you are always healthy and happy, hopefully you are more successful and what you aspire to will soon be realized, amen Dom jaktim #HAPPYMARKDAY #MarkInOurHearts #ìŠ¤ë¬¼ë‘˜_ë§ˆí¬ê°€_ë¹›ë‚ _ì‹œê°„ #MarkLeeTimeToShine",kiddoyie,0
2020-08-03 03:46:45,Happy birthday to our mark lee !! I just hope that Mark is always happy with the other members. May all members always be safe and healthy #HAPPYMARKDAY #MarkInOurHearts # ìŠ¤ë¬¼ ë‘˜ _ ë§ˆí¬ ê°€ _ ë¹›ë‚  _ ì‹œê°„ #MarkLeeTimeToShine,chogiwa1313,0
2020-08-03 03:45:13,"Happy birthday day mark lee I hope you are always healthy and happy, hopefully you are more successful and what you aspire to will soon be realized, amen Dom jaktim @dirandom @tyongbubusun #HAPPYMARKDAY #MarkInOurHearts #ìŠ¤ë¬¼ë‘˜_ë§ˆí¬ê°€_ë¹›ë‚ _ì‹œê°„ #MarkLeeTimeToShine",kiddoyie,0
2020-08-03 03:44:58,Really happy to get lots of birthday ads from mark lee #MarkInOurHearts [mini thread might be hahahhah],hancaelumollis,0
2020-08-03 03:43:54,"Happy birthday day mark lee I hope you are always healthy and happy, hopefully you are more successful and what you aspire to will soon be realized, amen #HAPPYMARKDAY #MarkInOurHearts #ìŠ¤ë¬¼ë‘˜_ë§ˆí¬ê°€_ë¹›ë‚ _ì‹œê°„ #MarkLeeTimeToShine",kiddoyie,0
2020-08-03 03:42:55,HAPPY BIRTHDAY MARK LEE mau album set bismillah wml #HAPPYMARKDAY #MarkInOurHearts #Mark_Birthday_Day is MARK #MarkLeeTimeToShine,useeyun,0
2020-08-03 03:42:15,"Happy birthday markeeuu yaaaa, a place for all those who are prone, beloved sijeuni and members of my cute bby lion huhuhu udh doesn't feel like it has grown WYATB yes markeuuu, ily # ìŠ¤ë¬¼ ë‘˜ _ ë§ˆí¬ ê°€ _ ë¹›ë‚  _ ì‹œê°„ #HAPPYMARKDAY #MarkInOurHeimeime #",kookieluv30,0
2020-07-03 16:32:40,We're so thrilled to hear how our new product CalmerÂ® has been helping some peoples tinnitus! Read more about Calmer here --> https://www.flareaudio.com/pages/calmer-life,flareaudio,1071
2020-08-03 03:41:04,Happy birthday mark! Wishing you many happy returns of the day. May God bless you with health and wealth in your life. May your sweet smile never fade away. #HappyMarkDay #MarkInOurHearts #ë§ˆí¬_ìƒì¼ì´ë¼_ë‚ ì´_MARKë‹¤ #MarkLeeTimeToShine,raiqahmuthhh,0
2020-08-03 03:40:57,#MARK #MARKLEE #Twenty_Mark_light_time #HAPPYMARKDAY #MarkInOurHearts #21stGoFromYoungMarklee,wethedreamchas,0
2020-08-03 03:39:57,I DO NOT!!! WRITTEN !!! YESTERDAY !!! BUT! I WILL TELL IT! NOW !!!! the best guy in the universe has a birthday today let's give a lot of love to marcury okay ??? he deserves this whole world #HAPPYMARKDAY #MarkInOurHearts,Toffie_shin,0
2020-08-03 03:37:05,"ğ‘¯ğ’‚ğ’—ğ’† ğ’‚ ğ’—ğ’†ğ’“ğ’š ğ’‚ğ’ğ’‚ğ’›ğ’Šğ’ğ’ˆ ğ’ƒğ’Šğ’“ğ’•ğ’‰ğ’…ğ’‚ğ’š! ğ‘¬ğ’ğ’‹ğ’ğ’š ğ’‚ğ’ğ’ ğ’•ğ’‰ğ’† ğ’„ğ’‚ğ’Œğ’†ğ’”, ğ’‰ğ’–ğ’ˆğ’”, ğ’ğ’ğ’—ğ’† ğ’‚ğ’ğ’… ğ’‰ğ’‚ğ’‘ğ’‘ğ’Šğ’ğ’†ğ’”ğ’” ğ’•ğ’ğ’…ğ’‚ğ’š. ğ’€ğ’ğ’– ğ’…ğ’†ğ’”ğ’†ğ’“ğ’—ğ’† ğ’Šğ’•, ğ’ğ’š ğ’ƒğ’ğ’š #HappyMarkDay #MarkInOurHearts #ë§ˆí¬_ìƒì¼ì´ë¼_ë‚ ì´_MARKë‹¤ #MarkLeeTimeToShine",aluna_lee,0
2020-08-03 03:36:51,Instagram ads by: â€¢ @markluvvv â€¢ @ringohanibom â€¢ @jenuneos â€¢ @titaclaryy Thank you for making this ads! #HappyMarkDay #MarkInOurHearts #Twenty_Mark_light_time,capablemarky,1
2020-08-03 03:35:33,"Here it is still 2 and I barely had time to finish his little letter, therefore ... Há´€á´˜á´˜Ê BÉªÊ€á´›Êœá´…á´€Ê, Ê™á´œÊ™á´œ! â™¡ ï¸ #MarkInOurHearts #MarkLeeTimeToShine #HappyBirthdayMark",ilovenjoon,0
2020-08-03 03:35:19,"happiest birthday to our talented canadian boy, Mark Lee! #HAPPYMARKDAY #MarkInOurHearts #Twenty_Mark_Light_Time #MarkLeeTimeToShine",cheeryupi,0
2020-08-03 03:32:33,Hans and Matthew's IG story update #HAPPYMARKLEEDAY #HAPPYMARKDAY #NCT127 #NCT #SuperM #MarkInOurHearts #MARKLEE,nct_sijeni,0
2020-08-03 03:31:33,#HAPPYMARKDAY #HAPPYMARKLEEDAY #MarkInOurHearts #Twenty_Mark_Light_Time #MarkLeeTimeToShine,helloyuns_,0
2020-08-03 03:31:17,#MarkInOurHearts,Wrestlemaniath1,0
2020-08-03 03:30:28,#HappyMarkDay #MARKLEE #HAPPYMARKLEEDAY # 02TheMARKnBack #MarkInOurHearts #nct flea market,ineedsleeppppp,0
2020-08-03 03:29:50,"Happy Birthday Mark Lee, i wish you all the, bahagia dan sehat selalu, ily #HAPPYMARKLEEDAY #MarkInOurHearts #MarkLeeTimeToShine #Twenty_Mark_light_time",mousxgur,0
2020-08-03 03:22:51,Happy Birthday to te cutest boy! Â·Ì‘â—¡Â·Ì‘ #Twenty_Marka_Light Day_Time #MARK #MARKLEE #HAPPYMARKDAY #MarkInOurHearts #21stGoFromYoungMarklee,jaonanax,0
2020-08-03 03:21:45,"Get around Mark Lee, 3 places. Pocket mirror + random sticker * Transportation costs 25 à¸¿, delivery today * Transfer up to 15:00 hrs. After this time, request to disqualify * Comment under this tweet We'll say hello. * #HappyMarkDay #MARKLEE #HAPPYMARKLEEDAY # 02TheMARKnBack #MarkInOurHearts",whiteploypink,2
2020-08-03 03:20:34,#MARK #NCT #MARK #NCT127 #ì´MARK #SuperM #NCTDREAM #MarkLee #HappyMarkDay #MarkInOurHearts #Twenty_Mark_Light_Time,hourlymarklee,1
2020-08-03 03:20:19,Mark's childhood best friend posted this on his ig story #HappyMarkDay #MarkInOurHearts #Twenty_Marka_Light_Time,morkkkleee,0
2020-08-03 03:19:43,happy bday to lâ€™amour de ma vie you truly do make my life better #HappyMarkDay #MarkInOurHearts #mark_birthday_day_mark,pourhyuck,0
2020-08-03 03:16:53,#MARK ; best boy :: late and kinda ruined but fuck it #HAPPYMARKDAY #MarkInOurHearts @NCTsmtown_127 @NCTsmtown_DREAM @SMTOWNGLOBAL,haolcvbot,1
2020-08-03 03:14:47,one last happy birthday ft. mark lee collection!! #HAPPYMARKDAY #MarkInOurHearts #Twenty_Mark_light_time,makgeolli_99,0
2020-08-03 03:14:28,"Markeu-yaa is that your little sister?? Her name is Xie shuyu, she's from Chinese, hope you see this mark, your face are very similar @NCTsmtown_127 #MarkInOurHearts #MARK #ë§ˆí¬ #MARK #NCT127",AlifaRahma15,1
2020-07-03 16:32:40,We're so thrilled to hear how our new product CalmerÂ® has been helping some peoples tinnitus! Read more about Calmer here --> https://www.flareaudio.com/pages/calmer-life,flareaudio,1071
2020-08-03 03:13:38,Bismillah Mau album nct dream Wish me luck #HAPPYMARKDAY #MarkInOurHearts #Mark_birthday_day_mark #MarkLeeTimeToShine,chanbaek_42,0
2020-08-03 03:13:17,To my favorite Canadian #HAPPYMARKDAY #HAPPYMARKLEEDAY #MarkInOurHearts,SadTrashForThis,0
2020-08-03 03:12:07,Happy birthday baby cheeta #HappyMarkDay #MarkInOurHearts #Twenty_Marka_Light_Time,jaesmilky,0
2020-08-03 03:11:55,#GoldenHeart_22 #MarkNCTColombia #HAPPYMARKDAY #MarkInOurHearts @MarkNCTCol,JiHee78892716,0
2020-08-03 02:59:33,HAPPY BIRTHDAY MARKET!! also thank you soo muchh kak danann #HAPPYMARKDAY #MarkInOurHearts #Twenty_Marka_Lightday_Time #MarkLeeTimeToShine,moominjournals,0
2020-08-03 02:59:21,"happy birthday to my favorite boy on planet earth! you are endlessly talented and im so glad ive been able to finally see you in person this time i hope today was the best birthday ever i love you to the moon and beyond love, katie #HappyMarkDay #MarkInOurHearts",nctsdimpIes,0
2020-08-03 02:58:08,"hi, boss! #MarkInOurHearts",nitaskye_,0
2020-08-03 02:56:45,#HAPPYMARKLEEDAY #HAPPYJAEMINDAY #MARKINOURHEARTS,Tuktaaaaa1,0
2020-08-03 02:54:58,KEEP SHINING LOVE!! #HAPPYMARKDAY #MarkInOurHearts #Twenty_Mark_Light_Time #MarkLeeTimeToShine,grrrmork,0
2020-08-03 02:49:21,#MARKLEE #HAPPYMARKLEEDAY #HAPPYMARKDAY #MarkInOurHearts #NCTzen,troisoct,0
2020-08-03 02:48:24,#HappyMarkDay #MarkInOurHearts #Twenty_Mark_light_time,schatjae,0
2020-08-03 02:47:30,masi nemu banyak ternyata #HappyMarkDay #MarkInOurHearts #twenty_marka_light_time,schatjae,0
2020-08-03 02:41:32,Selamat ulang tahun mark lee !#HappyMarkDay #MarkInOurHearts #Twenty_Marka_Lightday_Time #MarkLeeTimeToShine Maap yorobun telat,bhlabhlahhh,0
2020-08-03 02:39:18,HAPPIEST BIRTHDAY BABY LIONN #HappyMarkDay #MarkInOurHearts #Mark_Birthday_Day_MARK #MarkLeeTimeToShine,eyrleir,0
2020-08-03 02:37:41,"Dom: nguter, Sukoharjo Happy birthday Mark Lee, healthy longevity always happy always, good job markeu You have worked hard #HappyMarkDay #MarkInOurHearts # ìŠ¤ë¬¼ ë‘˜ _ ë§ˆí¬ ê°€ _ ë¹›ë‚  _ ì‹œê°„ #MarkLeeTimeToShine @aoliaaa__",jaejaehyuni,0
2020-08-03 02:27:10,"Ready to deliver tomorrow. 4x6 mark each 70 à¸¿. (Buy as a pair, 130 à¸¿.) Post up shut up, 70 à¸¿ for postcards (rare already). Buy three threads and get free delivery. Free delivery. EMS. # Market nct #MARK #MarkInOurHearts #HAPPYMARKLEEDAY",cymktykl_,0
2020-08-03 02:26:59,Pls RT Give Away. Come to get a lot of younger people. There are still a few forms to link in. He is very determined to do it. #HAPPYMARKLEEDAY #MarkInOurHearts #HAPPYJAEMINDAY # 02TheMARKnBack #najaemin #MARKLEE #markmin,Kimkiajun,2
2020-08-03 02:26:29,Okey! I wish you luck on your side !!! Dear Mark a lot !!!! #HappyMarkDay #MarkInOurHearts # ìŠ¤ë¬¼ ë‘˜ _ ë§ˆí¬ ê°€ _ ë¹›ë‚  _ ì‹œê°„ #MarkLeeTimeToShine,61Almiracy,0
2020-08-03 02:26:07,Markâ€™s friends back in Canada posted this for his birthday! 200803 ãƒ¼ matthew.lum &amp; hanslee0 Instagram Story Update #Mark #ë§ˆí¬ #ãƒãƒ¼ã‚¯ #NCT #HappyMarkDay #MarkInOurHearts #ìŠ¤ë¬¼ë‘˜_ë§ˆí¬ê°€_ë¹›ë‚ _ì‹œê°„,marknomelon,0
2020-08-03 02:22:07,Happy birthday our Mark Lee Stay healty boyyyy #HappyMarkDay #MarkInOurHearts #Twenty_Marka_Lightday_Time #MarkLeeTimeToShine @NCTsmtown_127,mutiafahma,0
2020-07-03 16:32:40,We're so thrilled to hear how our new product CalmerÂ® has been helping some peoples tinnitus! Read more about Calmer here --> https://www.flareaudio.com/pages/calmer-life,flareaudio,1071
2020-08-03 02:22:04,Mark is human with a million talent!! happy birthday canadian boys!! #HappyMarkDay #MarkInOurHearts #Twenty_Mark_Light_Time #MarkLeeTimeToShine,gjlslokykdora,0
2020-08-03 02:21:36,"Happy Birthday Mark, they are already 21 years old. The line of 99 being powerful. #MarkInOurHearts #HappyBirthdayMARKNCT #MarkLeeTimeToShine #markleeday @superm @NCTsmtown @ NCTsmtown_127 @NCTsmtown_DREAM @SuperM_SV @NCT_ElSalvador",DelCielo_16,0
2020-08-03 02:20:31,this is so late but happy birthday to my favorite dude ever i luv him a lot &amp; i just want him to be happy &amp; healthy #HappyMarkDay #MarkInOurHearts #ìŠ¤ë¬¼ë‘˜_ë§ˆí¬ê°€_ë¹›ë‚ _ì‹œê°„,127stwt,0
2020-08-03 02:20:22,"#HAPPYMARKDAY #MarkInOurHearts # 21stGoFromYoungMarklee Ask Mark lovers to increase more every day. Not hurt, not sick Eat and sleep Happy everyday",nticchax,0
2020-08-03 02:17:59,"Happy birthday Mark, hopefully he will always be given health, his career will be more successful, more and more people will love, and hopefully he will be kept away from people who have good morals.",beeinjun,0
2020-08-03 02:16:45,"Market Output Numbers Dili morning, 03 August 2020 Result: 9541 Shio: Monkey Greetings to You Who Are Lucky! #bandartogel #bandartogelter Trusted #togelonline #togelhariini #togelsgp #TogelHK #togelsd #pulautoto #livedingdong #bandartogelonline #MarkInOurHearts",pulautoto88,0
2020-08-03 02:16:42,Mau album only Dom tasikmalaya #HAPPYMARKDAY #MarkInOurHearts #Twenty_Marka_Light_Time,beeinjun,0
2020-08-03 02:16:12,Quick drawing of Spider-Man Mark! Happy birthday best boy! #HAPPYMARKDAY #MarkInOurHearts #Twenty_Mark_light_time,melncity,4
2020-08-03 02:14:54,"Anyone who saw this tweet donated a picture of a film-style mark for him. I will bring it to do a ""4-year-old jogging"" Dream mm #HAPPYMARKDAY #HAPPYMARKLEEDAY #MarkInOurHearts",mymochisung,0
2020-08-03 02:07:30,"(Pls rt) #MARKLEE Instagram story ads Date: 3-4 August Location: and Hashtag; # SuperMarkLee0802 Whoever finds it, don't forget to take the show to # SuperMarkLee0802 He will be very happy. I hope everyone is happy. #HAPPYMARKDAY #MarkInOurHearts #HAPPYMARKLEEDAY # 02TheMARKnBack",neomuumin,20
2020-08-03 02:06:42,200803-hanslee0 Instagram Story Update Mark's friend posted to greet him a happy birthday! #Mark #Mark #ãƒãƒ¼ã‚¯ #NCT #HappyMarkDay #MarkInOurHearts #Twenty_Mark_light_time,nctmarkarchive,273
2020-08-03 02:02:41,baby #HAPPYMARKDAY #Twenty_Mark_Light_Time #MarkInOurHearts,flufftyongie,0
2020-08-03 02:02:00,Thank you~~~ This is so lovely and sweet #HappyMarkDay #MarkInOurHearts #Twenty_Marka_Light_Time #MARK #MARKLEE #Mark,990802_BabyM,0
2020-08-03 02:01:05,#MARK #NCT #MARK #NCT127 #ì´MARK #SuperM #NCTDREAM #MarkLee #HappyMarkDay #MarkInOurHearts #Twenty_Mark_Light_Time,hourlymarklee,1
2020-08-03 02:00:44,Pc mark juseyooo #HappyMarkDay #MarkInOurHearts #Twenty_Markga_Light_Time #MarkLeeTimeToShine,eka_seli2O,0
2020-08-03 02:00:39,I found more birthday ads today! #HappyMarkDay #MarkInOurHearts #Twenty_Mark_light_time,doiestar,0
2020-08-03 02:00:09,"Happy birthday Mark Lee! Hopefully the mark of longevity, health is always and all that is hoped can be achieved. Hopefully Mark will be more affectionate with Sijeuni, I hope I can meet Mark later, Aamiin. #HappyMarkDay #MarkInOurHearts # ìŠ¤ë¬¼ ë‘˜ _ ë§ˆí¬ ê°€ _ ë¹›ë‚  _ ì‹œê°„ #MarkLeeTimeToShine",Got7ncttreasure,0
2020-08-03 01:55:20,Mau album set #HAPPYMARKDAY #MarkInOurHearts #Mark_Birthday_Day is_MARK #MarkLeeTimeToShine,jjoowuu,0
2020-08-03 01:54:45,#HAPPYMARKDAY #MarkInOurHearts #Happy Birthday_Our_Mark @NCTsmtown_127,haruharu_xxii,0
2020-08-03 01:54:35,Aww you deserved it #HappyMarkDay #MarkInOurHearts #Twenty_Mark_Light_Time,Taeyongie_0701,1
2020-07-03 16:32:40,We're so thrilled to hear how our new product CalmerÂ® has been helping some peoples tinnitus! Read more about Calmer here --> https://www.flareaudio.com/pages/calmer-life,flareaudio,1071
2020-08-03 01:52:52,Happy Birthday to THE Mark Lee (Anderson) #HappyMarkDay #MarkInOurHearts #Twenty_Marka_Light_Time,never2young2013,0
2020-08-03 01:51:37,Did yâ€™all see markâ€™s text I love him so much #MarkInOurHearts,oppaisbetter,0
2020-08-03 01:50:50,KAK DANAAAANNN THANK YOUUU #HappyMarkDay #MarkInOurHearts #Twenty_Marka_Light_Time #MarkLeeTimeToShine,yeuxpetillants,0
2020-08-03 01:49:45,Happy birthday Mark Lee !!! #HappyMarkDay #MarkInOurHearts #Twenty_Mark_light_time,lucky_tyongf,0
2020-08-03 01:48:58,BUBBY #MarkInOurHearts #MARKLEE,marklyluvsu,0
2020-08-03 01:46:07,Woww this is so cool! Thank you Enjoying this so much #THEACE_MARKLEE #HAPPYMARKDAY #MarkInOurHearts @NCTsmtown_127 @NCTsmtown_DREAM @superm https://twitter.com/Marahuyo_2020/status/1289591754409127937,990802_BabyM,0
2020-08-03 01:44:55,Happy birthday mark #HAPPYMARKDAY #MarkInOurHearts #Twenty_Marka_Lightday_Time #MarkLeeTimeToShine,etherealfrau,0
2020-08-03 01:44:27,"happy birthday uri makeu! semoga karya"" mark semakin di apresiasi dunia #HappyMarkDay #MarkInOurHearts #mark_birthday_day_mark #MarkLeeTimeToShine",yeojaaeo,0
2020-08-03 01:43:20,#MARKLEE #HAPPYMARKLEEDAY #Twenty_Mark Ga_Light Day_Time #MarkInOurHearts #HappyMarkDay #Fanart #Kpop #Kpopfanart #NCT #NCT127 #SuperM #NCT127fanart #NCTfanart #SuperMfanart #art @NCTsmtown_127 @NCTsmtown,gin_mil96,0
2020-08-03 01:39:11,Happy birthday for our dearest Mark Leee #HAPPYMARKDAY #MarkInOurHearts #Twenty_Marka_Lightday_Time #MarkLeeTimeToShine,seraahuang,0
2020-08-03 01:37:35,Happy birthday for our dearest Mark Leee #HAPPYMARKDAY #MarkInOurHearts #Twenty_Marka_Lightday_Time #MarkLeeTimeToShine,seraahuang,0
2020-08-03 01:36:38,"Happy birthday Mark Lee wish you all the best, stay positive, god bless u love you so much!! #HAPPYMARKLEEDAY #MarkInOurHearts",djxiao_06,0
2020-08-03 01:36:36,"happy birthday mark lee here's to a bright,healthy, and exciting future! we loffffffffffff uâ™¡ #HAPPYMARKDAY #MarkInOurHearts #ìŠ¤ë¬¼ë‘˜_ë§ˆí¬ê°€_ë¹›ë‚ _ì‹œê°„ #MarkLeeTimeToShine",anakbapayanto,0
2020-08-03 01:35:45,#HAPPYMARKDAY #MarkInOurHearts #Twenty_Mark_Light_Time #MarkLeeTimeToShine,seraahuang,0
2020-08-03 01:31:36,"DONE,Bismillahirrahmanirrahim Wml aku mau Bubble Renjunã… ^ã… . Tysm for Giveawaynya ka #marker_giveaway #HappyMarkDay #MarkInOurHearts #MarkLeeTimeToShine #Mark_Birthday_Day_MARK",EomoniHRJily23_,0
2020-08-03 01:30:33,"Everyone, my friend found the mark on the minibus. Hahahahahahahahaha #HAPPYMARKLEEDAY #MarkInOurHearts #mark",susngaw,13
2020-08-03 01:29:48,happy bday markiee #HAPPYMARKDAY #MarkInOurHearts #Twenty_Marka_Lightday_Time #MarkLeeTimeToShine,vidtage,0
2020-08-03 01:29:10,#HappyMarkDay #MarkInOurHearts #Twenty_Mark_Light_Time #MarkLeeTimeToShinee,youongho,0
2020-08-03 01:25:36,"#HAPPYMARKDAY #MarkInOurHearts #ìŠ¤ë¬¼ë‘˜_ë§ˆí¬ê°€_ë¹›ë‚ _ì‹œê°„ Though I'm late,",shilee_xxx,0
2020-08-03 01:25:17,happy birthdayyyy uri markeeeuu wish u all the best #HAPPYMARKDAY #MarkInOurHearts #Twenty_Marka_Lightday_Time #MarkLeeTimeToShine,vancouvee,0
2020-07-03 16:32:40,We're so thrilled to hear how our new product CalmerÂ® has been helping some peoples tinnitus! Read more about Calmer here --> https://www.flareaudio.com/pages/calmer-life,flareaudio,1071
2020-08-03 01:16:43,"HAPPY BIRTHDAY MARK LEE May God bless you, thank you for everything you've done. You're really inspiring and motivating, so proud of you !! #HAPPYMARKDAY #MarkInOurHearts #ìŠ¤ë¬¼ë‘˜_ë§ˆí¬ê°€_ë¹›ë‚ _ì‹œê°„ #MarkLeeTimeToShine",pheedael,0
2020-08-03 01:14:08,"Happy Birthday Mark Lee! wish you all the best. Always healthy, more successful, kept away from bad things, Mark Lee @NCTsmtown_127 #HappyMarkDay #MarkInOurHearts #ìŠ¤ë¬¼ë‘˜_ë§ˆí¬ê°€_ë¹›ë‚ _ì‹œê°„ #MarkLeeTimeToShinee",luvlyyosh,0
2020-08-03 01:12:59,"Happy Birthday Mark Lee! wish all the best. Always healthy, more successful, kept away from bad things, whatever you wish may it be fulfilled on your birthday and always Mark Lee @NCTsmtown_127 #HappyMarkDay #MarkInOurHearts #ìŠ¤ë¬¼ë‘˜_ë§ˆí¬ê°€_ë¹›ë‚ _ì‹œê°„ #MarkLeeTimeToShinee",luvlyyosh,0
2020-08-03 01:09:12,#HAPPYMARKDAY #MarkInOurHearts #Twenty_Mark is_light_time #MarkLeeTimeToShine #Mark_Because it's birthday_day is MARK,chanloeycy,0
2020-08-03 01:00:55,"Happy bday mark! Semoga diberikan kesehatan &amp; kebahagiaan, selalu dikelilingi orang yg baik &amp; care, semakin banyak yg suka dan sayang, sukses karirnya #MARKLEE #HAPPYMARKLEEDAY #HAPPYMARKDAY #MarkInOurHearts #MarkLeeTimeToShine #ìŠ¤ë¬¼ë‘˜_ë§ˆí¬ê°€_ë¹›ë‚ _ì‹œê°„",envelopeelida,0
2020-08-03 00:59:57,#HappyMarkDay #MarkInOurHearts #Twenty_Mark_Light_Time #MarkLeeTimeToShinee,rfv1996,0
2020-08-03 00:59:53,MARK #HAPPYMARKLEEDAY #MarkInOurHearts,OVERDOUBLELOAD,0
2020-08-03 00:59:34,MARK #HAPPYMARKLEEDAY #MarkInOurHearts,OVERDOUBLELOAD,0
2020-08-03 00:57:43,"donee! thankyou for the GA, moga rezeki kamu lancar trs ya&sukses slalu, semangattt!! H áµ‡áµƒáµ‡Ê¸ Ë¡â±áµ’â¿ áµ’áµ˜Ê³ Ê·áµƒáµ—áµ‰Ê³áµáµ‰Ë¡áµ’â¿ áµ‡áµ’Ê¸ áµ’áµ˜Ê³ áµ‡áµ‰Ë¢áµ— áµ‡áµ’Ê¸ á‚á¥²ÏÏá¥¡ á–¯à¹€É¾thdá¥²á¥¡ êª‘á¥²É¾k á¥£ê«€ê«€ #HAPPYMARKDAY #MarkInOurHearts #Twenty_Mark_Light_Time #MarkLeeTimeToShine",markscocaine,0
2020-08-03 00:56:34,"Dom East Jakarta Happy birthdayyyy marklee I hope I can be together with NCT Teruss, I hope I am always happy, I hope I will be more successful, I hope I can join my comeback dream #happybirthdaymark #MarkInOurHearts #MarkLeeTimeToShine # ìŠ¤ë¬¼ ë‘˜ _ ë§ˆí¬ ê°€ _ ë¹›ë‚  _ ì‹œê°„ @flxdna @kirana",bbylionn2,0
2020-08-03 00:55:07,Happy belated birthday Mark Lee #HAPPYMARKDAY #MarkInOurHearts #Twenty_Marka_Lightday_Time #MarkLeeTimeToShine,bubteaway,0
2020-08-03 00:54:33,"Why would it be perfect if you were lucky to be happy? Happy birthday MarkLee. Good luck always. I wish that today is the beginning of another wonderful and blessed year for you. ìƒì¼ ì¶•í•˜ í•´ìš”, ì˜¤ë˜ í–‰ë³µí•˜ê²Œ, ê±´ê°• í•˜ê²Œ ì‚¬ì‹œê³  #HappyMarkDay #MarkInOurHearts",rfv1996,0
2020-08-03 00:53:57,#HAPPYMARKLEEDAY #HAPPYJAEMINDAY #MARKINOURHEARTS,luvnct21_,0
2020-08-03 00:53:46,HAPPY BIRTHDAY MARK LEE Hope u always shine and more successful in the future #HappyMarkDay #MarkInOurHearts #ìŠ¤ë¬¼ë‘˜_ë§ˆí¬ê°€_ë¹›ë‚ _ì‹œê°„ #MarkLeeTimeToShine,mochiesz,0
2020-08-03 00:52:59,#HappyMarkDay #MarkInOurHearts #Twenty_Mark_light_time,panvlima,0
2020-08-03 00:48:33,Another one of Mark Leeâ€™s childhood friends posted on their IG story greeting Mark a Happy Birthday! #HappyMarkDay #MarkInOurHearts #ìŠ¤ë¬¼ë‘˜_ë§ˆí¬ê°€_ë¹›ë‚ _ì‹œê°„ https://twitter.com/markoo127/status/1290074790921818112,markoo127,5
2020-08-03 00:47:41,"Happy birthday, my babee remains a dime mark, humble, cheerful, but it's still our mood booster ... please keep healthy, don't get tired, happy always luvyuuu #HappyMarkDay #MarkInOurHearts # ìŠ¤ë¬¼ ë‘˜ _ ë§ˆí¬ ê°€ _ ë¹›ë‚  _ ì‹œê°„ _ ì‹œê°„ _ ì‹œê°„ _ #MarkLeeTimeToShine",Taeshiners_,0
2020-08-03 00:47:39,Day 30 yess (very late update but ill complete this) #30DAYS_MARK_CHALLENGE #MarkInOurHearts message Markeu lee jjanga happy bday! Wishing you the best health conditions and success in lofe. I hope you fee the overflowing love thee fans is giving you as you deserve it all,ivanbc31,0
2020-08-03 00:44:47,"And let's never forget this iconic moment, mark lee, thanks for being the only boy I ever think about even while watching anime #HAPPYMARKDAY #MarkInOurHearts #MARK #HAPPYMARKLEEDAY",eggkwan_,1
2020-08-03 00:44:07,Day 29 (very late update but ill complete this) #30DAYS_MARK_CHALLENGE #MarkInOurHearts LOOKING FORWARD TO MARK: just success on his career. I love the way he is right now and i dont want to change it.,ivanbc31,0
2020-07-03 16:32:40,We're so thrilled to hear how our new product CalmerÂ® has been helping some peoples tinnitus! Read more about Calmer here --> https://www.flareaudio.com/pages/calmer-life,flareaudio,1071
2020-08-03 00:41:09,Day 28 (very late update but ill complete this) #30DAYS_MARK_CHALLENGE #MarkInOurHearts Mark is a baby to me that needs to be protected.,ivanbc31,0
2020-08-03 00:40:56,"lucky am i to share a bday with someone who means the world to me. thank you for being my light, happiness, and inspiration. happy bday and I cant wait to see when our paths will cross once again #MARKLEE #HappyMarkDay #PatriciaDay #MarkInOurHearts #ìŠ¤ë¬¼ë‘˜_ë§ˆí¬ê°€_ë¹›ë‚ _ì‹œê°„",widesky0802,0
2020-08-03 00:38:23,"Day 27 (very late update but ill complete this) #30DAYS_MARK_CHALLENGE #MarkInOurHearts charming point is: aside on his talentSSSS, his ability to be cute,sexy and handsome all in the same time is A++++. also being always cringy and socially awkward.",ivanbc31,0
2020-08-03 00:36:08,Day 26 (very late update but ill complete this) #30DAYS_MARK_CHALLENGE #MarkInOurHearts Fav. Memory with mark. Sadly i dont hava fave mampry WITH mark.,ivanbc31,0
2020-08-03 00:36:03,#MarkInOurHearts #HAPPYMARKDAY #HAPPYMARKLEEDAY,itsmeoneberry,0
2020-08-03 00:34:56,"Sorry i tweeted the wrong one lmaoo, HAHAHAHA here it is #HAPPYMARKDAY #MarkInOurHearts #25",wonsicheng,2
2020-08-03 00:34:20,"Day 25 (very late update but ill complete this) #30DAYS_MARK_CHALLENFE #MarkInOurHearts Fav. Verse/rap -underrated wakeywakey, -boom, wtmp, jopping, mad city, bdli, cherrybomb, 7th sense, and highway to heaven",ivanbc31,0
2020-08-03 00:32:05,"Pagii semua,, mmf baru twt karna nugas hehe. Oiya HBD Markk yang bikin ku oleng #HAPPYMARKDAY #MarkInOurHearts #Twenty_Marka_Light_Time",rlnndoyy,0
2020-08-03 00:30:56,"happy born day Mark Lee smoga always healthy and happy, his career more successful and surrounded by good people ya #HappyMarkDay #MarkInOurHearts #MarkLeeTimeToShine # ìŠ¤ë¬¼ ë‘˜ _ ë§ˆí¬ ê°€ _ ë¹›ë‚  _ ì‹œê°„ #HAPPYMARKDAY #MARKLEE",hanabee1156,0
2020-08-03 00:29:16,mau saldo gopay wml Happy birthday mark lee Livelihood Livelihood #HappyMarkDay #MarkInOurHearts #Twenty_Marka_Lightday_Time #MarkLeeTimeToShine https://twitter.com/huppIepuff/status/1289837933793554432/photo/1,ddlwwlrma,0
2020-08-03 00:28:59,happy birthday uri baby lion you have aged now I hope you can do better in the future this is your day !!! always happy #HappyMarkDay #MarkInOurHearts #ìŠ¤ë¬¼ë‘˜_ë§ˆí¬ê°€_ë¹›ë‚ _ì‹œê°„ #MarkLeeTimeToShine,shawhyuckie,0
2020-08-03 00:22:02,mau saldo ovo Happy birthday mark lee Livestock Livestock #HappyMarkDay #MarkInOurHearts #Twenty_Marka_Lightday_Time #MarkLeeTimeToShine https://twitter.com/huppIepuff/status/1289837933793554432/photo/1,ddlwwlrma,0
2020-08-03 00:20:43,"Happy birthday to our baby lion wish you all the best, we always love and support you #HAPPYMARKDAY #MarkInOurHearts #Mark_Birthday_Day_MARK",peachhjaee,0
2020-08-03 00:18:36,02/08/2020 Happy birthday my watermelon boy #MARKLEE #HAPPYMARKDAY #MarkInOurHearts,yulinda_manalu,0
2020-08-03 00:17:37,Happiest birthday to our beloved Markieee #HappyMarkDay #MarkInOurHearts #Twenty_Marka_Lightday_Time #MarkLeeTimeToShinee,tytrxk,0
2020-08-03 00:14:47,"Happy birthday Mark Lee. Wish u all the best. Good luck, always healthy. #MarkInOurHearts #HappyBirthdayMARKNCT # ë§ˆí¬ _ ìƒì¼ ì´ë¼ _ ë‚  ì´ _MARK ë‹¤ #markleeday #HAPPYMARKLEEDAY (done kak) Wish me luck",Chel90624855,0
2020-08-03 00:13:15,"Happy Birthday Mark Lee! Thank your for your hardwork, thank you for always being my source of my happiness &amp; thank you for everything I really hope you always happy, and stay healthy foreverâ™¡â™¡â™¡ #HappyMarkDay #MarkInOurHearts #ìŠ¤ë¬¼ë‘˜_ë§ˆí¬ê°€_ë¹›ë‚ _ì‹œê°„ #MarkLeeTimeToShine",BucinHaeChany,0
2020-08-03 00:11:13,Mau album only we boom + dom jaktim #HAPPYMARKDAY #MarkInOurHearts #Twenty_Marka_Light_Time,kiddoyie,0
2020-08-03 00:07:34,"Because his rap are amazing, he's really talented, his hardworking, his personality i love Mark Lee so much #HappyMarkDay #MarkInOurHearts #MarkLeeTimeToShine #ìŠ¤ë¬¼ë‘˜_ë§ˆí¬ê°€_ë¹›ë‚ _ì‹œê°„ #MarkLee @NCTsmtown_127",lucky_tyongf,0
2020-08-03 00:06:02,"â€”Happy birthday make, i love how you still remember God even when you on top HappyMarkDay #MarkInOurHearts #21",semangkanya,0
2020-07-03 16:32:40,We're so thrilled to hear how our new product CalmerÂ® has been helping some peoples tinnitus! Read more about Calmer here --> https://www.flareaudio.com/pages/calmer-life,flareaudio,1071
2020-08-03 00:03:54,Happy birthday mark lee thankyou so much for being in the world #HappyMarkDay #MarkInOurHearts #Twenty_Marka_Lightday_Time #MarkLeeTimeToShine,Apriantyprndng,0
2020-08-03 00:02:45,"Mau pc regulate Mark, wish me luck #HappyMarkDay #MarkInOurHearts #Twenty_Marka_Light_Time #MarkLeeTimeToShine",glyffindor,0
2020-08-03 00:01:11,"Happy birthday mark! Hopefully a long life, more success, keep healthy, keep happy, the business will be launched and facilitated, the more shining and hopefully what is desired is achieved. Aamiin #HappyMarkDay #MarkInOurHearts # ìŠ¤ë¬¼ ë‘˜ _ ë§ˆí¬ ê°€ _ ë¹›ë‚  _ ì‹œê°„ #MarkLeeTimeToShine",deepvoicelixe,0
2020-08-03 00:00:46,#MARK #NCT #MARK #NCT127 #ì´MARK #SuperM #NCTDREAM #MarkLee #HappyMarkDay #MarkInOurHearts #Twenty_Mark_Light_Time,hourlymarklee,1
2020-08-02 23:58:02,ğ»ğ‘ğ‘ğ‘ğ‘¦ ğµğ‘–ğ‘¡ğ‘¡â„ğ‘‘ğ‘ğ‘¦ ğ‘€ğ‘ğ‘Ÿğ‘˜ ğ¿ğ‘’ğ‘’ #HAPPYMARKDAY #MarkInOurHearts #Twenty_Mark_Light_Time,bellasposable,0
2020-08-02 23:57:51,"Dom Mojokerto Jatim can't make wish2 in writing heheeh, but I always do good marks, mark lee saengil chukhae #HappyMarkDay #MarkInOurHearts # ìŠ¤ë¬¼ ë‘˜ _ ë§ˆí¬ ê°€ _ ë¹›ë‚  _ ì‹œê°„ #MarkLeeTimeToShine @fangirlofkorea",nonoeomma,0
2020-08-02 23:54:01,"Hbd mark lee hope you are always healthy and happy, I hope you become more successful and what you aspire to be realized soon, amen #HAPPYMARKDAY #MarkInOurHearts",kiddoyie,0
2020-08-02 23:53:11,"god bless mark lee:), mau pc mark wish me luck #HAPPYMARKDAY #MarkInOurHearts #mark_birthday_day_mark #MarkLeeTimeToShine",oriireami,0
2020-08-02 23:52:21,Happy birthday Mark lee! Thank you for being a wonderful person and an inspiration i hope your special day brings you all the happiness you deserve in life! hbd #HAPPYMARKLEEDAY #MarkInOurHearts #MarkLeeTimeToShine #ìŠ¤ë¬¼ë‘˜_ë§ˆí¬ê°€_ë¹›ë‚ _ì‹œê°„,hngyljnhoo,0
2020-08-02 23:50:03,HAPPY BIRTHDAY MARK LEE I LOVE YOU YOU ARE MY KING I WANT YOU TO HAVE THE BEST DAY. MARK LEE YOU ARE AN AMAZING MAN #MarkInOurHearts #MarkLeeTimeToShine #HAPPYMARKDAY #ë§ˆí¬_ìƒì¼ì´ë¼_ë‚ ì´_MARKë‹¤,tinymklee,0
2020-08-02 23:49:48,Mau gopay #HAPPYMARKDAY #MarkInOurHearts #Twenty_Mark_light_time,kiddoyie,0
2020-08-02 23:49:47,happy birthday marklee. doanya yang terbaikk. mau album setnya kak #HAPPYMARKDAY #MarkInOurHearts #Mark_Birthday_Day is_MARK #MarkLeeTimeToShine,moccanini_,0
2020-08-02 23:49:22,"i hope U can be better. I want you to always be healthy, always happy and more successful. All prayers from me are in my heart. The point is Czennies and I always love you #MarkInOurHearts #HAPPYMARKLEEDAY # ìŠ¤ë¬¼ ë‘˜ _ ë§ˆí¬ ê°€ _ ë¹›ë‚  _ ì‹œê°„",CihuyCiput,0
2020-08-02 23:49:10,Happy birthday to this talented baby I am very proud of him I love you too #HappyMarkDay #MarkInOurHearts # ë§ˆí¬ _ ìƒì¼ ì´ë¼ _ ë‚  ì´ _MARK ë‹¤,myeternalangel7,0
2020-08-02 23:48:02,"will also be kept away from sasaeng and haters! Aamiin. We love you mark! let's endure and be happy together to the end! Dom tangerang/Purbalingga,jateng @shaquillee3__ @vilianaaa @deepvoicelixe #HappyMarkDay #MarkInOurHearts #ìŠ¤ë¬¼ë‘˜_ë§ˆí¬ê°€_ë¹›ë‚ _ì‹œê°„ #MarkLeeTimeToShine",mypeachyjae_,0
2020-08-02 23:47:32,HAPPY BIRTHDAY MARK LEE @NCTsmtown_127 #HappyMarkDay #MarkInOurHearts #Twenty_Marka_Light_Time #MarkLeeTimeToShine,lietapark1,0
2020-08-02 23:43:36,"Sorry Mark, I wasn't active on your special day but I didn't forget your birthday so, happiest birthday for nct's pro-debuter Mark Lee. Stay healthy. #Mark #ë§ˆí¬ #ãƒãƒ¼ã‚¯ #NCT #HappyMarkDay #MarkInOurHearts #ìŠ¤ë¬¼ë‘˜_ë§ˆí¬ê°€_ë¹›ë‚ _ì‹œê°„",_jenology,0
2020-08-02 23:43:10,Happy Birthday Mark Lee ì´MARK #HAPPYMARKDAY #MARK #Mark #MarkInOurHearts #NCT #NCT127 #ì´ë¯¼í˜• #NCTDREAM #SuperM #Superem,KpopInNYC,18
2020-08-02 23:41:57,Happy birthday mark lee Mau album full set #HAPPYMARKDAY #MarkInOurHearts #mark_birthday_day_markda #MarkLeeTimeToShine,kiddoyie,0
2020-08-02 23:41:50,Happiest Birthday Mark #MARKLEE #HAPPYMARKLEEDAY #HAPPYMARKDAY #MarkInOurHearts #MarkLeeTimeToShine #Twenty_Mark_Light_Time,cimoriwawa,0
2020-07-03 16:32:40,We're so thrilled to hear how our new product CalmerÂ® has been helping some peoples tinnitus! Read more about Calmer here --> https://www.flareaudio.com/pages/calmer-life,flareaudio,1071
2020-08-02 23:39:03,"#HappyMarkDay #MarkInOurHearts #ìŠ¤ë¬¼ë‘˜_ë§ˆí¬ê°€_ë¹›ë‚ _ì‹œê°„ Thank you for the giveaway and happy advanced birthday!!!!! this pic makes me laugh for some reason, even if its not that funny? smth about his expression lol.",theauthorish,0
2020-08-02 23:38:02,Mau album we go up #HappyMarkDay #MarkInOurHearts #Twenty_Marka_Lightday_Time #MarkLeeTimeToShine,mypeachyjae_,0
2020-08-02 23:36:03,"I hope you are always healthy and happy, I hope you become more successful and what you aspire to be realized soon, amen #HAPPYMARKLEEDAY #MarkInOurHearts",kiddoyie,0
2020-08-02 23:30:30,"All of his hard work & effort is forever etched on us, so enjoy all the little things about him. Mark Lee deserves the best! Happy birthday to our 'watermelon boy'! #HappyMarkDay #MarkInOurHearts #HappyBirthdayMARKNCT """,2theworldnct,0
2020-08-02 23:30:23,"translation of a very cute thread * in honor of Mark, because it's still his birthday mark lee soft hours are still open !!! * original thread link at the end of everything #HappyMarkDay #MarkInOurHearts #HappyBirthdayMARKNCT",2theworldnct,2
2020-08-02 23:29:47,"A super duper extra late birthday greetings to one of the best boys in my life, Mark Lee! One of the most passionate, talented and hard working person in this world. Hoping for more blessings you'll receive in your life #HappyMarkDay #MarkInOurHearts #ìŠ¤ë¬¼ë‘˜_ë§ˆí¬ê°€_ë¹›ë‚ _ì‹œê°„",erineoquartz,0
2020-08-02 23:28:44,Happy birthday to Mark Lee!! Stream #QTAH !! #HAPPYMARKDAY #MarkInOurHearts #MARKLEE #NCT127 #SuperM #NCTU #NCTDREAM #MARK #MARKeting,adexmed,0
2020-08-02 23:28:01,200803-matthew.lum Instagram Story Update Markâ€™s friend posted about his birthday! #Mark #Mark #ãƒãƒ¼ã‚¯ #NCT #HappyMarkDay #MarkInOurHearts #Twenty_Mark_light_time,nctmarkarchive,1930
2020-08-02 23:27:51,#HappyMarkDay #MarkInOurHearts #MarkLeeTimeToShine #Mark_Birthday_Day is MARK Bismillahirrahmanirrahim mau mini album we go up. Tysm for Ga,EomoniHRJily23_,0
2020-08-02 23:26:27,Se escucha sÃºper adorable cuando dice oiii #happymarkday #MarkInOurHearts #twenty_marka_light_time,myeternalangel7,0
2020-08-02 23:24:43,#HappyMarkDay #MarkInOurHearts #MarkLeeTimeToShine #Mark_Birthday_Day is MARK,EomoniHRJily23_,0
2020-08-02 23:23:28,#MarkInOurHearts #HAPPYMARKDAY,SKCN29,0
2020-08-02 23:22:22,el cumple del best boy junto a las mejores personas â™¡ #HappyMarkDay #MarkInOurHearts #Twenty_Marka_Light_Time,erinshameless00,2
2020-08-02 23:13:32,Happy Birthday Mark Lee! Hopefully always healthy and more successful in the future. Bandung #HAPPYMARKLEEDAY #HAPPYMARKDAY #MarkInOurHearts #MarkLeeTimeToShine # ìŠ¤ë¬¼ ë‘˜ _ ë§ˆí¬ ê°€ _ ë¹›ë‚  _ ì‹œê°„ @ NCTsmtown_127,jjoowuu,0
2020-08-02 23:12:58,"Happy birthday mark lee Hopefully all your works are increasingly recognized both in Korea and internationally, you are always healthy and happy, protected from the dangers of danger, and what you aspire to be realized soon, aamiin #HappyMarkDay #MarkInOurHearts # ìŠ¤ë¬¼ ë‘˜ _ ë§ˆí¬ ê°€ _ ë¹›ë‚  _ ì‹œê°„",kiddoyie,0
2020-08-02 23:11:27,"Happy birthday Mark Lee I hope you will always healthy, happy, and walk on flower path. You deserve all the good things in your life. Wish you all the best @NCTsmtown_127 #HappyMarkDay #MarkInOurHearts #ìŠ¤ë¬¼ë‘˜_ë§ˆí¬ê°€_ë¹›ë‚ _ì‹œê°„ #MarkLeeTimeToShine Dom kebumen",baekyunand,0
2020-08-02 23:07:55,Wish me luck #HAPPYMARKDAY #MarkInOurHearts #Twenty_Marka_Lightday_Time #MarkLeeTimeToShine,loeymaerk,0
2020-07-03 16:32:40,We're so thrilled to hear how our new product CalmerÂ® has been helping some peoples tinnitus! Read more about Calmer here --> https://www.flareaudio.com/pages/calmer-life,flareaudio,1071
2020-08-02 23:07:45,Happy Birthday Mark #HappyMarkDay #MarkInOurHearts #Twenty_Marka_Light_Time,winwinooh,0
2020-08-02 23:07:24,Thank you for being in this world and I feel so proud because I'm you're fan Happiest Birthday to our Mark #MarkInOurHearts #ìŠ¤ë¬¼ë‘˜_ë§ˆí¬ê°€_ë¹›ë‚ _ì‹œê°„ @NCTsmtown_127 #HAPPYMARKDAY,MeBmOoN_TW,0
2020-08-02 23:04:40,I went to my first cupsleeve event today! So glad I got to celebrate Mark's birthday in style @Taiyaki52cafe @KPOPeventsHFX #MarkInOurHearts,devitodevotee,0
2020-08-02 23:01:15,Happy birthday to this spicy baby as he sings to himself his birthday covering his face ... he gave me a cute #happymarkday #MarkInOurHearts # ìŠ¤ë¬¼ ë‘˜ _ ë§ˆí¬ ê°€ _ ë¹›ë‚  _ ì‹œê°„,myeternalangel7,0
2020-08-02 23:00:14,I just got my album and I opened it up to find my self blessed with double mark lee. It really is mark leeâ€™s day #HAPPYMARKDAY #HAPPYMARKLEEDAY #MarkInOurHearts #MARKLEE @NCTsmtown_127 @NCTsmtown,pamelaariasxx,0
2020-08-02 22:59:05,Happy brithdays first love ku di ensitie markeeuu #HAPPYMARKDAY #MarkInOurHearts #Twenty_Marka_Lightday_Time #MarkLeeTimeToShine,Saeng4_,0
2020-08-02 22:55:19,"Album only we go up, Happy birthday Mark Lee #HappyMarkDay #MarkInOurHearts #Twenty_Marka_Lightday_Time #MarkLeeTimeToShine",blessedmattcha,0
2020-08-02 22:54:24,Happy birthday Mark Lee Wish you all the best #HAPPYMARKDAY #MarkInOurHearts #20,blessedmattcha,0
2020-08-02 22:53:01,Happy birthday Mark Lee #HAPPYMARKDAY #MarkInOurHearts #Twenty_Marka_Lightday_Time #MarkLeeTimeToShine #Mark_Birthday_Day_MARK is #MARK #NCT127,blessedmattcha,0
2020-08-02 22:50:00,Happy birthday Markeu I hope you always healthy and happy #HappyMarkDay #MarkInOurHearts #Mark_birthday_day_markda #MarkLeeTimeToShine,spezlyy_,0
2020-08-02 22:49:51,#HappyMarkDay #MarkInOurHearts #Twenty_Mark_light_time,maerkleee,0
2020-08-02 22:49:50,the amount of mark ads Iâ€™m getting today has me cryingggg #MarkInOurHearts,uwu_jaejae,0
2020-08-02 22:48:17,#HAPPYMARKLEEDAY #HAPPYJAEMINDAY #MARKINOURHEARTS,_Lionmarklee_,0
2020-08-02 22:46:38,It was one day late... congratulations congratulations #HappyMarkDay #MarkInOurHearts #ìŠ¤ë¬¼ë‘˜_ë§ˆí¬ê°€_ë¹›ë‚ _ì‹œê°„,juriakikon,0
2020-08-02 22:44:19,Happy birthday mark lee!!! #HAPPYMARKLEEDAY #Twenty_Mark_Light_Time #MarkInOurHearts #MarkLeeTimeToShine,kndr_yoora,0
2020-08-02 22:43:24,"Who love and understand you, I hope Mark can take pride in his Fandom nctzen and we continue supporting him in every way we can. I love you MarkLee @MarkNCTCol # GoldenHeart_22 #MarkNCTColombia #SummerBoyBirthday #HAPPYMARKDAY #MarkInOurHearts # ìŠ¤ë¬¼ ë‘˜ _ ë§ˆí¬ ê°€ _ ë¹›ë‚  _ ì‹œê°„",Steph_Lee13,1
2020-08-02 22:39:43,"Happy birthday sweetie, you don't get an idea of â€‹â€‹how much I love you, how important you are in my life, I am extremely grateful, every day that passes I realize that I love you much more and that I want to see you happy always #HAPPYMARKDAY #MarkInOurHearts # ìŠ¤ë¬¼ ë‘˜ _ ë§ˆí¬ ê°€ _ ë¹›ë‚  _ ì‹œê°„",jeonginfoox,0
2020-08-02 22:33:58,"Happy birthday Mark Lee For your new age I hope you stay healthy, loved more people, more success, always be happy, and wish you all the best dom Ngawi, East Java @nanaeonni #HappyMarkDay #MarkInOurHearts # ìŠ¤ë¬¼ ë‘˜ _ ë§ˆí¬ ê°€ _ ë¹›ë‚  _ ì‹œê°„ #MarkLeeTimeToShine",nanamine34,0
2020-07-03 16:32:40,We're so thrilled to hear how our new product CalmerÂ® has been helping some peoples tinnitus! Read more about Calmer here --> https://www.flareaudio.com/pages/calmer-life,flareaudio,1071
2020-08-02 22:26:17,I open thread about how I met Mark and what I like most about being Markzen uwu It all starts in 2017 I was browsing YT when pum comes to me in recommended Chewing Gum from Dream and I omg What is This + # GoldenHeart_22 #MarkNCTColombia #HAPPYMARKDAY #MarkInOurHearts,Steph_Lee13,1
2020-08-02 22:24:27,the #MARKLEE birthday bash is still in session #HAPPYMARKDAY #MarkInOurHearts,dreamlvrs,1
2020-08-02 22:17:26,Happy birthday to you mark lee! #HAPPYMARKDAY #MarkInOurHearts #Twenty_Mark_Light_Time #MarkLeeTimeToShine,allmyuwuisyou,0
2020-08-02 22:16:31,"Happy birthday to this little baby, put all day watermelon sugar in his honor #HAPPYMARKDAY #HAPPYMARKLEEDAY #MarkInOurHearts",Nat_92Mar,0
2020-08-02 22:15:49,Happy Birthday to Mark and Johnnyâ€™ Mom! I found out it was her bday from Markâ€™s VLive. Have an amazing day everyone @NCTsmtown_127 @NCTsmtown #HappyMarkDay #ë§ˆí¬ #MARK #MarkInOurHearts,sabrina_kpop_,0
2020-08-02 22:12:19,HAPPY BIRTHDAY!!! I LOVE YOU SO MUCH!! YOU'RE SO PRECIOUS!! #HAPPYMARKLEEDAY #HAPPYMARKDAY #MarkInOurHearts,LIIV127,0
2020-08-02 22:10:32,#HAPPYMARKDAY #MarkInOurHearts i love you baby lion i hope youâ€™ve had all the watermelon you desire!!Ù©(à¹‘â›á´—â›à¹‘)Û¶iâ€™ve been busy today to iâ€™ll write your birthday letter tomorrow if i can Îµ-(Â´âˆ€ï½€; ),flowerdoie,0
2020-08-02 22:08:47,omg this korean cake shop posted a bunch of cakes they made for markâ€™s birthday!!! the cheetah and the watermelon :â€™) #HappyMarkDay #MarkInOurHearts #ìŠ¤ë¬¼ë‘˜_ë§ˆí¬ê°€_ë¹›ë‚ _ì‹œê°„,_weishenme_,0
2020-08-02 22:08:45,"Happy birthday our beloved mark, stay healthy and be happy always wml #HappyMarkDay #MarkInOurHearts #ìŠ¤ë¬¼ë‘˜_ë§ˆí¬ê°€_ë¹›ë‚ _ì‹œê°„ #MarkLeeTimeToShinee",bububaekhyun_,0
2020-08-02 22:08:43,#HappyMarkDay #MarkInOurHearts #Twenty_Mark_light_time,Purple_Monbebe,0
2020-08-02 22:08:21,markâ€™s celebration isnâ€™t over yet!! #MarkInOurHearts #HappyMarkDay #Twenty_Mark_light_time,asterbunni,0
2020-08-02 22:07:38,Get Your Klaviyo Marketing Plan to increase sales on your products...By clicking the below link https://lnkd.in/e42dS7m #BTS_Dynamite #FACupFinal #BigilCrackerOnSunTV #MarkInOurHearts #Uyajola99Sundays #TrumpHasNoPlan,Annmerc40587992,2
2020-08-02 22:04:46,#HAPPYMARKLEEDAY #HappyBirthdayMARKNCT #MarkInOurHearts happy birthday baby lion youâ€™ve grown so much already and i canâ€™t wait to witness you grow up even more,kithseungmin,0
2020-08-02 22:04:07,#marklee #HappyBirthdayMark #HappyBirthdayMARKNCT #markleeday #MarkInOurHearts #HAPPYMARKDAY #HAPPYMARKLEEDAY #NCT @NCTsmtown,sak_lena_7,0
2020-08-02 22:01:27,Happy birthday to our precious rapper #HAPPYMARKDAY #MarkInOurHearts #Twenty_Marka_Lightday_Time #MarkLeeTimeToShine,semangkazen,0
2020-08-02 21:59:45,"Happy marklee dayyyy Always healthy, don't forget to be happy, just rest, eat regularly, keep working, stay healthy, whatever you want is achieved LOVE YOU MARKLEE #HAPPYMARKLEEDAY #MarkInOurHearts # ë§ˆí¬ _ ìƒì¼ ì´ë¼ _ ë‚  ì´ _MARK ë‹¤ #MarkLeeTime",NArifahz,0
2020-08-02 21:57:10,"MARAS'S BIRTHDAY IS STILL TAKEN HERE, SO EVERYBODY BEST I LOVE YOU #MarkInOurHearts",byunvill4ge,0
2020-08-02 21:55:19,mark lee !! youâ€™ve worked so hard to get to where you are today and you only keep improving. weâ€™re so proud of you ! i hope you always know that u are loved by us and everyone around you â™¡ #HappyMarkLeeDay #MarkInOurHearts,luvinldh,0
2020-08-02 21:52:03,"and hopefully in the future his career will be more successful, more and more people will love sm mark, and are proud of all their hard work #HappyMarkDay #MarkInOurHearts # ìŠ¤ë¬¼ ë‘˜ _ ë§ˆí¬ ê°€ _ ë¹›ë‚  _ ì‹œê°„ #MarkLeeTimeToShine @younaprill",mochiesz,0
2020-08-02 21:48:52,SAENGIL CHUKKAE HAMNIDA MARKLEE #HAPPYMARKDAY #MarkInOurHearts #MarkLeeTimeToShine #Twenty_Mark_light_time,NArifahz,0
2020-07-03 16:32:40,We're so thrilled to hear how our new product CalmerÂ® has been helping some peoples tinnitus! Read more about Calmer here --> https://www.flareaudio.com/pages/calmer-life,flareaudio,1071
2020-08-02 21:47:54,"Hopefully Mark is always given health and happiness every day with other members, given support for what he has done so far, appreciated every work by all the poor #HappyMarkDay #MarkInOurHearts # ìŠ¤ë¬¼ ë‘˜ _ ë§ˆí¬ ê°€ _ ë¹›ë‚  _ ì‹œê°„ #MarkLeeTimeToShine",mochiesz,0
2020-08-02 21:44:15,HAPPY BIRTHDAY TO THE BEST BOY MARK LEE I LOVE YOU SO MUCH I WISH YOU THE BEST!!! #HappyMarkDay #MarkInOurHearts #ìŠ¤ë¬¼ë‘˜_ë§ˆí¬ê°€_ë¹›ë‚ _ì‹œê°„ #MarkLeeTimeToShine,btsbpnct,0
2020-08-02 21:22:50,"Bismillah thanks buat ga nya kak Happy birthday Mark Lee, wish you will stay healthy, always be happy & always success on everything that you does Wish me luck #HappyMarkDay #MarkInOurHearts #ìŠ¤ë¬¼ë‘˜_ë§ˆí¬ê°€_ë¹›ë‚ _ì‹œê°„ #MarkLeeTimeToShine",byunsparkle,0
2020-08-02 21:22:43,â€œand what is happiness if not the moment your mouth opens and the sound of heaven itself comes out. as you throw your head back laughing like a little kid.â€ #HappyMarkDay #MarkInOurHearts #ìŠ¤ë¬¼ë‘˜_ë§ˆí¬ê°€_ë¹›ë‚ _ì‹œê°„,J3NCITY,0
2020-08-02 21:21:43,#HappyBirthdayMarkLee who is 21 today!!! #MarkLee #HappyBirthdayMark #MarkInOurHearts #MarkLeeTimeToShine #NCT @NCTsmtown,MaddiHeywood,0
2020-08-02 21:16:16,Happy Birthday Mark Lee! i just want u to know that many people loves u and always support you no matter what! keep shining our Mark! stay healthy and stay safe! i wish we can meet soon! Wish me luck #HappyMarkDay #MarkInOurHearts #ìŠ¤ë¬¼ë‘˜_ë§ˆí¬ê°€_ë¹›ë‚ _ì‹œê°„ #MarkLeeTimeToShine,baekblair,0
2020-08-02 21:14:50,https://www.instagram.com/p/CDZRLWQpJW-/?igshid=1bcd6ftpvz7qa #HappyMarkDay #MarkInOurHearts,Vales219,0
2020-08-02 21:05:54,ğ”½ğ•–ğ•ğ•šğ•« ğ•”ğ•¦ğ•ğ•¡ğ•ğ•–ğ•’ğ•ŸÌƒğ• ğ•¤ ğ•„ğ•’ğ•£ğ•œ That you continue to transmit energy and joy with that precious â„ğ•šğ•¤ğ•’ #HappyMarkDay #MarkInOurHearts # ìŠ¤ë¬¼ ë‘˜ _ ë§ˆí¬ ê°€ _ ë¹›ë‚  _ ì‹œê°„ #MarkLeeTimeToShine,Vikrokosmos9,0
2020-08-02 20:57:46,"ANYWAY HAPPY BIRTHDAY MARK LEE!!!!!!!! the most thoughtful, hardworking, genuine celebrity/musician i've ever seen. the world is better for mark being in it. #HAPPYMARKDAY #MarkInOurHearts",LivWuzHere,0
2020-08-02 20:54:31,I'm late but happy birthday mark lee!! we love you so so much and we're all so thankful that you're here and succeeding. I wish you nothing but happiness cutie #HAPPYMARKDAY #MarkInOurHearts #ìŠ¤ë¬¼ë‘˜_ë§ˆí¬ê°€_ë¹›ë‚ _ì‹œê°„ @NCTsmtown_127,yallneedseokjin,0
2020-08-02 20:42:43,#MarkInOurHearts #MarkLee @NCTsmtown_127,KPOPFan41927837,0
2020-08-02 20:42:12,"Mark's happy birthday may be healthy then, more successful, more loved by many people and happy is always all the best. #HappyMarkDay #MarkInOurHearts #MarkLeeTimeToShine # ìŠ¤ë¬¼ ë‘˜ _ ë§ˆí¬ ê°€ _ ë¹›ë‚  _ ì‹œê°„ #HAPPYMARKDAY #MARKLEE",patahdikata_,0
2020-08-02 20:40:21,#MARK #MarkInOurHearts MARK YOU ARE AN EXAMPLE TO FOLLOW FOR ME ... YOU ARE THE STRONGEST AND PERSEVERANT PERSON I KNOW. I LOVE YOU LOTS ... HAPPY BIRTHDAY MAKKUUU !!!,kpop_grafiaa,0
2020-08-02 20:39:45,hwaaa wish me luckk mau bangett #HappyMarkDay #MarkInOurHearts #Twenty_Marka_Lightday_Time #MarkLeeTimeToShine,maguliouse,0
2020-08-02 20:38:35,Happy birthday baby lion #HappyMarkDay #MarkInOurHearts #Mark_Birthday_Day is_MARK #MarkLeeTimeToShine,jaheeyun,0
2020-08-02 20:37:30,I am literally sooo happy for Mark... Thank you sooo much for your har work... truly appreciate it... Also I am extremely happy that Mark spent a wonderful birthday... #MarkInOurHearts #MarkLeeTimeToShine #MARK,i_am_trusfrated,0
2020-08-02 20:35:43,Happy birthday mark â€œthat bitchâ€ lee #MarkInOurHearts,nayoota__,0
2020-08-02 20:35:38,In honor of the one & only Mark Leeâ€™s birthday be sure to check out this feature by @annyeonghaseye who wrote ab all the ways our ace Markly has given her confidence &amp; empowerment! We can totally relate! #HAPPYMARKDAY #MarkInOurHearts ,ncity_mag,25
2020-08-02 20:31:13,"ok so,, in VANCOUVER is still 0802. i love you with all my heart, keep shining and doing what you love as long as you feel happy :] @NCTsmtown_127 #MARK #MarkInOurHearts #markleeday",ohmshobi,0
2020-08-02 20:28:43,I'm not good at your birthday and for a little I don't remember mine Mark sorry bu for not congratulating you good happy birthday late pq in Korea it is already August 3 #HAPPYMARKLEEDAY #MarkInOurHearts # ìŠ¤ë¬¼ ë‘˜ _ ë§ˆí¬ ê°€ _ ë¹›ë‚  _ ì‹œê°„,ynn_juice,0
2020-07-03 16:32:40,We're so thrilled to hear how our new product CalmerÂ® has been helping some peoples tinnitus! Read more about Calmer here --> https://www.flareaudio.com/pages/calmer-life,flareaudio,1071
2020-08-02 20:27:01,"Mark is a baby, even though he's older than me. :) #happymarkday #marklee #leeminhyung #MarkInOurHearts",Nanapollito1,0
2020-08-02 20:25:30,Yuta and Mark...always so cuteee.... Yuta hyung~Yuta oppa is the best!!! #MarkInOurHearts #MARK #YUTA,i_am_trusfrated,0
2020-08-02 20:24:20,"Our Lele...he had been waiting for the clock to strike 12... He is an adult now... And he loves his Mark hyung, as much as we all love them both... #MarkInOurHearts #MARK #CHENLE",i_am_trusfrated,0
2020-08-02 20:23:02,Happy born day Mark Lee #HappyMarkDay #MarkInOurHearts #Twenty_Markga_Lightday_Time #Mark_Birthday_Day_MARK #MarkLeeTimeToShine @NCTsmtown_127 @superm,hanabee1156,0
2020-08-02 20:20:42,"Our Lee Mark..we love him soooo much... I'm so happy he celebrated well... Love you, Mark, always!!! #MARKLEE #MarkLeeTimeToShine #MarkInOurHearts #MARK",i_am_trusfrated,0
2020-08-02 20:20:20,#MARKLEE #MarkInOurHearts,Carolin00763424,0
2020-08-02 20:12:45,#HappyMarkDay #MarkInOurHearts #Twenty_Marka_Light_Time #MARK note: credits to owner of edit.,toastnthoughts,0
2020-08-02 20:11:59,#happymarkday #markinourhearts #twenty_mark_light_time,stayczennie,0
2020-08-02 20:11:32,I just think heâ€™s neat!! #HAPPYMARKDAY #HAPPYMARKLEEDAY #MarkInOurHearts #MARKLEE #NCT #SUPERM @NCTsmtown_127 (music: futura free by frank ocean),bestiebosya_art,4
2020-08-02 20:09:27,Good night I u all #deprem #MarkInOurHearts,_Giramata_,2
2020-08-02 20:05:00,Current White House handling of Covid #GOPscam #COVIDIOTS #MarkInOurHearts #coronavirus #TrumpMeltdown,trollBigotry,12
2020-08-02 20:04:30,"Happy Birthday to the cutest boy there is, Mr. Mark Lee! He deserves nothing but the best #HappyMarkDay #MarkInOurHearts #ìŠ¤ë¬¼ë‘˜_ë§ˆí¬ê°€_ë¹›ë‚ _ì‹œê°„",mon_everlasting,1
2020-08-02 20:01:30,"#MarkInOurHearts Wish the horse to be happy every day, sleep full! Eat delicious food Not hurt or hurt",bxfyv,0
2020-08-02 19:56:23,i know itâ€™s late but happy birthday mark! i love & appreciate you so much. i hope you had a wonderful birthday #MarkInOurHearts #HAPPYMARKDAY,yeolbloom,0
2020-08-02 19:54:52,Happy Birthday #mark Love U #HappyMarkDay #MarkInOurHearts #MARKLEE # twentytwo_markga_lightday_time #HappyLeeMarkDay @NCTsmtown_DREAM @NCTsmtown_127 @superm @NCTsmtown,marina_morad003,0
2020-08-02 19:49:44,happy birthday to my baby mark. the first boy I ever stanned in kpop. my utt. i love you to death. this is forever #MarkInOurHearts #HAPPYMARKLEEDAY,jihyochrist,0
2020-08-02 19:49:21,"Happy birthday, Mark Mark rp / rl. Hopefully the more successful his career, NCT, and SuperM! Wishing you good health and happiness always! #HAPPYMARKDAY #___ #MarkInOurHearts",RianHidytss,0
2020-08-02 19:40:23,sasaeng and haters! Aamiin. We love you mark! let's endure and be happy together to the end! #HappyMarkDay #MarkInOurHearts #ìŠ¤ë¬¼ë‘˜_ë§ˆí¬ê°€_ë¹›ë‚ _ì‹œê°„ #MarkLeeTimeToShine,mypeachyjae_,0
2020-07-03 16:32:40,We're so thrilled to hear how our new product CalmerÂ® has been helping some peoples tinnitus! Read more about Calmer here --> https://www.flareaudio.com/pages/calmer-life,flareaudio,1071
2020-08-02 19:39:05,"A little late but ,,, HAPPY BIRTHDAY TO THE MOST TALENTED CANADIAN IN THE WORLD, A FIRST ARTIST, the sweetest kid in the world, may that beautiful smile always follow and have a lot of love #HappyMarkDay #MarkInOurHearts # ìŠ¤ë¬¼ ë‘˜ _ ë§ˆí¬ ê°€ _ ë¹›ë‚  _ ì‹œê°„",RooAlta,0
2020-08-02 19:37:53,Scolling ig at 3.30am and got one mark ad thank you @nct2125 #MarkInOurHearts #HAPPYMARKLEEDAY #HAPPYMARKDAY #Twenty_Marka_Light_Time,dear_heart__,0
2020-08-02 19:35:44,happy mark day! hello! Iâ€™d like to giveaway his neo city japan id holder &amp; banner to one luck nctzen! pls retweet and like to enter! Winner will be chosen tomorrow at noon! [U.S only pls] #HAPPYMARKDAY #MarkInOurHearts #ìŠ¤ë¬¼ë‘˜_ë§ˆí¬ê°€_ë¹›ë‚ _ì‹œê°„,xLILHYUCKVERT,31
2020-08-02 19:34:59,Happy Belated Birthday Mark! #HAPPYMARKLEEDAY #MarkInOurHearts #HappyMarkDay,beomandkai,0
2020-08-02 19:29:02,Belated birthday my markk muffff #MarkLeeTimeToShinee #markleeday #HAPPYMARKDAY #markleeday #MarkInOurHearts,kaemkaemkissme,0
2020-08-02 19:25:29,"Listen to the voice Very cute. Look, look at me. Hmmm ... #MarkInOurHearts #MARKLEE #MarkInOurHearts",mineJae1,0
2020-08-02 19:23:03,happy born day mark!! #MarkLeeTimeToShine #HAPPYMARKDAY #MarkInOurHearts #Twenty_Mark_Light_Time,blessmeach00,0
2020-08-02 19:18:28,Happy Birthday~ Happy Birthday Ah~ Our dear Mark~ Happy Birthday~~ Uhihihi #MarkInOurHearts,nct_donkey,0
2020-08-02 19:16:34,Mark Leeeeeeeee happy belated birthday #MarkInOurHearts,my_sope_heartu,0
2020-08-02 19:13:06,Birthday Message For Mark #HAPPYMARKLEEDAY #MarkInOurHearts #HappyMarkDay,markswatrmelon,0
2020-08-02 19:13:06,Birthday Message For Mark #HAPPYMARKLEEDAY #MarkInOurHearts #HappyMarkDay pic.twitter.com/oYFMcwRUpa,markswatrmelon,0
2020-08-02 19:12:50,"Our sweet wonderful Mark, we love you SOOO much and you work so hard. You never fail to make my day. We love you so much! Please get plenty of rest. ì‚¬ë‘í•´ìš” #MarkInOurHearts #MARKLEE #HAPPYMARKLEEDAY #HappyBirthdayMARKNCT",sunshineses1234,0
2020-08-02 19:10:06,#HappyMarkDay #MarkInOurHearts #Twenty_Mark_light_time,taeyongs_hoe,0
2020-08-02 19:07:28,Happy Birthday MARK LEE Thankyou so much for everything Love you always #HAPPYMARKDAY #MarkInOurHearts #ìŠ¤ë¬¼ë‘˜_ë§ˆí¬ê°€_ë¹›ë‚ _ì‹œê°„ #MarkLeeTimeToShine,oelinjun,0
2020-08-02 19:06:57,Birthday Message For Mark #HAPPYMARKLEEDAY #MarkInOurHearts #HappyMarkDay pic.twitter.com/oYFMcwRUpa,markswatrmelon,1
2020-08-02 19:06:38,"Happy birthday Happy birthday! We all hope that you are always happy, we all love Markeu, always be happy even though we have never met me in person, but you can be as dear as you are mark, God bles u! goodboy #HAPPYMARKDAY #MarkInOurHearts #MarkLeeTimeToShine # ìŠ¤ë¬¼ ë‘˜ _ ë§ˆí¬ ê°€ _ ë¹›ë‚  _ ì‹œê°„",JFidhayanti,0
2020-08-02 19:06:35,Gopay #HAPPYMARKDAY #MarkInOurHearts #Twenty_Marka_Light_Time,Risanovita96,0
2020-08-02 19:06:22,"HAPPY BIRTHDAY URI MARK LEE wishing you can take rest marks :( huhu please see he's in all the units, working really hard for him and becoming more dear #MarkInOurHearts #MarkLeeTimeToShine # ìŠ¤ë¬¼ ë‘˜ _ ë§ˆí¬ ê°€ _ ë¹›ë‚  _ ì‹œê°„ _ ì‹œê°„",tiffanyrgn_,0
2020-08-02 19:02:30,HAPPY BIRTHDAY URI BOY #HAPPYMARKLEEDAY #HappyMarkDay #MarkInOurHearts #Mark_Birthday_Day_MARK #MarkLeeTimeToShine #Twenty_Mark_Light_Time,rubynfortune,0
2020-08-02 19:01:53,HAPPY BIRTHDAY MARK LEE #HAPPYMARKLEEDAY #HappyMarkDay #MarkInOurHearts #Mark_Birthday_Day is MARK #MarkLeeTimeToShine #Twenty_Mark is_Light_Time,rubynfortune,0
2020-07-03 16:32:40,We're so thrilled to hear how our new product CalmerÂ® has been helping some peoples tinnitus! Read more about Calmer here --> https://www.flareaudio.com/pages/calmer-life,flareaudio,1071
2020-08-02 18:59:19,Happy Birthday Mark Lee!!! @NCTsmtown_127 #HappyMarkDay #MarkInOurHearts #ìŠ¤ë¬¼ë‘˜_ë§ˆí¬ê°€_ë¹›ë‚ _ì‹œê°„ #MarkLeeTimeToShine,sincerelyd16,0
2020-08-02 18:54:00,"Happy Birthday Mark Lee Baby Lion thankyou so much for everthing i hope, you wish is all the best #HappyMarkDay #MarkInOurHearts #ìŠ¤ë¬¼ë‘˜_ë§ˆí¬ê°€_ë¹›ë‚ _ì‹œê°„ #MarkLeeTimeToShine",oelinjun,0
2020-08-02 18:52:35,#HappyMarkDay #MarkInOurHearts #ìŠ¤ë¬¼ë‘˜_ë§ˆí¬ê°€_ë¹›ë‚ _ì‹œê°„ my baby!!,niniibaek,0
2020-08-02 18:50:38,"Mark Lee Happy Birthday Makasi has been born into the world of makasi and has become a member of NCT, thank you, hard work, wish you more success Please stay healthy and be happy ok! Iloveyou #HappyMarkDay #MarkInOurHearts # ìŠ¤ë¬¼ ë‘˜ _ ë§ˆí¬ ê°€ _ ë¹›ë‚  _ ì‹œê°„ #MarkLeeTimeToShine",dinugie,0
2020-08-02 18:47:45,I wish you more success and happiness in the future #HappyMarkDay #MarkInOurHearts # ìŠ¤ë¬¼ ë‘˜ _ ë§ˆí¬ ê°€ _ ë¹›ë‚  _ ì‹œê°„ #MarkLeeTimeToShine,mochiesz,0
2020-08-02 18:45:41,"bismillah mau album only yg regular, wish me luck Happy Birthday To You Mark Lee! #HappyMarkDay #MarkInOurHearts #Twenty_Mark_Light_Time #MarkLeeTimeToShine",Anisamwrn,0
2020-08-02 18:43:07,THANK YOU SO MUCH FOR THIS GIVEAWAY AND HAPPY EARLY BIRTHDAY TO YOU #HappyMarkDay #MarkInOurHearts #ìŠ¤ë¬¼ë‘˜_ë§ˆí¬ê°€_ë¹›ë‚ _ì‹œê°„,ohsehuniebuns,0
2020-08-02 18:41:31,Happy Birthday Mark!! I will never forget his bday for as long as I live bc itâ€™s the same day as my mom she just out here being a bday twin to one of the cutest human beings on the planet N E WAYS have a great day!! #HappyMarkDay #MarkInOurHearts #ìŠ¤ë¬¼ë‘˜_ë§ˆí¬ê°€_ë¹›ë‚ _ì‹œê°„,sonder_stay,0
2020-08-02 18:38:46,"Today, go to Mark And feel very proud of Mark that there are so many lovers #HAPPYMARKDAY #HAPPYMARKLEEDAY #MarkInOurHearts",panglee_,0
2020-08-02 18:38:03,birthday celebrations last night #HAPPYMARKDAY #MarkInOurHearts #MARKLEE,a_hoemez,1
2020-08-02 18:37:21,Happy birthday Mark Lee! You're our treasure! I wish you a lot of watermelons! #HAPPYMARKLEEDAY #Birthday Happy Birthday Mark #Happy Birthday_We_Mark #Leemark #NCT127 #MARKLEE #MarkInOurHearts,whoami19529967,1
2020-08-02 18:35:48,done #HappyMarkDay #MarkInOurHearts #Twenty_Mark_light_time #MarkLeeTimeToShine,mochiesz,0
2020-08-02 18:35:02,#Mark happy birthday Mark!! #HappyMarkDay #MarkInOurHearts #Twenty_Mark_light_time,taebubulee,0
2020-08-02 18:34:17,#Twenty_Mark_Light_Time #MarkInOurHearts #HAPPYMARKDAY @NCTsmtown @NCTsmtown_127 @NCTsmtown_DREAM,correctdream,0
2020-08-02 18:33:45,"I hope you are very happy. Smile a lot, create happiness for everyone and wish you some happiness. Thank you for growing up well. Love watermelon #HAPPYMARKLEEDAY #HAPPYJAEMINDAY #MARKINOURHEARTS",sunlight_ten,1
2020-08-02 18:33:15,"happiest birthday to the one and only mark lee!! he deserves the bestest birthday such a kind, sweet, talented and hardworking soul. hereâ€™s a lil doodle i did of him #HAPPYMARKLEEDAY #MarkInOurHearts #ìŠ¤ë¬¼ë‘˜_ë§ˆí¬ê°€_ë¹›ë‚ _ì‹œê°„",SIM0NS4YS,0
2020-08-02 18:29:33,#HappyMarkDay #MarkInOurHearts,bobbseo,0
2020-08-02 18:27:56,HAPPY BIRTHDAY MARK LEE #HappyMarkDay #MarkInOurHearts #Twenty_Marka_Lightday_Time #MarkLeeTimeToShine,mochiesz,0
2020-08-02 18:27:35,#HAPPYMARKDAY #MarkInOurHearts #MARKLEE,luvbabyatiny,0
2020-08-02 18:27:00,HAPPY BIRTHDAY MA LITTLE BOY #HappyMarkDay #MarkInOurHearts #Twenty_Marka_Lightday_Time #MarkLeeTimeToShine,Mark_020899,0
2020-08-02 18:26:32,"happy birthday to my man, mark lee 21!! its your time to shine, right? im sure u will shine where ever you are. hope your day is filled with love and happiness bcs u deserve it. Ilysm #MarkLeeDayGiveaway #HappyMarkDay #MarkInOurHearts @NCTsmtown @NCTsmtown_127",haaappyme,0
2020-08-02 18:26:15,"geez forget huhu, happy birthday mark, dear baby, God bless you all the time #HAPPYMARKDAY #MarkInOurHearts",__youngfara,0
2020-08-02 18:24:42,"HAPPY BIRTHDAY MARK LEE, WYATB, GOOD MORE FUTURE, GOOD HEALTH CONTINUES AND HAPPINESS ALWAYS ACCORDING TO YOUUUUUU #HappyMarkDay #MarkInOurHearts #MarkLeeTimeToShine # _",bapaogucci,0
2020-08-02 18:23:37,~â€¢ Ğ½appy Ğ²Î¹rÑ‚Ğ½day Ğ¼arÄ¸ â€¢~ â€¢ ~ ~ ~ ~ ~ ~ ~ â€¢ â™¡ï¸ Êá´á´œ á´„á´€É´ Ê™á´‡ á´Ê á´á´á´É´ÊŸÉªÉ¢Êœá´› á´€É´á´… sá´œÉ´sÊœÉªÉ´á´‡ á´€É´á´… á´á´Ê€É´ÉªÉ´É¢â˜¼á´…á´€Ê â™¡ï¸ â€¢ ~ ~ ~ ~ ~ ~ ~ â€¢ #MarkInOurHearts #HappyMarkDay #MarkLeeTimeToShine #HAPPYMARKLEEDAY @NCTsmtown_127,09Stephany_15,0
2020-08-02 18:21:19,"Handwork of a #Creator or highly sophisticated #alien #technology that we cannot #reverse #engineer? #Sound is something we hear, but can we #create something like ""sound""? #DisneyPlus #Disney #VoteBlue2020 #VoteRed #MarkInOurHearts #Quarantine #TheUmbrellaAcademy #PokemonGO",mediabaloney,4
2020-08-02 18:18:42,"I was so tired but I couldn't sleep properly,I was afraid that I will miss Mark's birthday live and I didn't hehe, I woke up right in time and got back to sleep right afterwards. He's the most precious giggly babie ever:( #HAPPYMARKLEEDAY #MarkLeeTimeToShine #MarkInOurHearts",MultiFandom59,0
2020-08-02 18:16:56,https://www.prolife.org.uk/blog/purchasing-uk-property-through-an-offshore-company #BlackJoy #MarkInOurHearts #NationalGirlfriendDay,sohaibr19242885,0
2020-08-02 18:15:01,Happy birthday Mark Lee #HAPPYMARKDAY #MarkInOurHearts #ìŠ¤ë¬¼ë‘˜_ë§ˆí¬ê°€_ë¹›ë‚ _ì‹œê°„ #MarkLeeTimeToShine #ë§ˆí¬_ìƒì¼ì´ë¼_ë‚ ì´_MARKë‹¤ #MARK #NCT127,luckyfornay,0
2020-08-02 18:13:12,The entire video is Markâ€™s little laugh Too precious Happy Birthday mOrk I planted a pot of flowers and named it after you #HappyBirthdayMARKNCT #MarkInOurHearts #HAPPYMARKDAY,haechansaegyo,0
2020-08-02 18:12:41,"Happy (belated) birthday to our ace, Mark Lee! Thank you for all that you do for nct and superm. Canâ€™t wait to see what great things the future holds for you! forever proud, love u always bub. #HappyMarkDay #MarkInOurHearts #ìŠ¤ë¬¼ë‘˜_ë§ˆí¬ê°€_ë¹›ë‚ _ì‹œê°„",fratboyjaehyun,0
2020-08-02 18:11:28,"Happy birthday,Mark!I hope you have the beat day ever!I love you! #HAPPYMARKLEEDAY #MarkInOurHearts #ìŠ¤ë¬¼ë‘˜_ë§ˆí¬ê°€_ë¹›ë‚ _ì‹œê°„ #HappyBirthdayMark",iheartjinnie7,0
2020-08-02 18:11:14,#HAPPYMARKDAY #MarkInOurHearts It's too late here. Already in Hap Mark for the 3rd year Wish Mark to be happy every day. Found only good things More and more lovers Being a good person and doing well in everything Don't get sick often. And ask us to meet again (â— â€¢ á´— â€¢ â—),noonno__on,0
2020-08-02 18:10:09,"Happy birthday to you, Markâ†’ (*ï¼¾3ï¼¾)/ï½â™¡ #HappyMarkDay #MarkInOurHearts",Shutupyoumorons,0
2020-07-03 16:32:40,We're so thrilled to hear how our new product CalmerÂ® has been helping some peoples tinnitus! Read more about Calmer here --> https://www.flareaudio.com/pages/calmer-life,flareaudio,1071
2020-08-02 18:08:49,@ NCTsmtown_127 I did my best. #MarkInOurHearts #MARKLEE,KByun2100,0
2020-08-02 18:08:29,I finally finished this sketch ily Mark and I wish you a happy birthday!! #HAPPYMARKLEEDAY #MarkInOurHearts #ìŠ¤ë¬¼ë‘˜_ë§ˆí¬ê°€_ë¹›ë‚ _ì‹œê°„,Taelu27,4
2020-08-02 18:08:28,ik this might be late but happy birthday mark lee !! #MarkInOurHearts #MARKLEE #HAPPYMARKLEEDAY,hyuckjunnie_,0
2020-08-02 18:07:18,#HappyMarkDay #MarkInOurHearts #Twenty_Mark_Light_Time #MarkLeeTimeToShinee Happy Birthday Mark Lee! I love u,stef_yoo,0
2020-08-02 18:06:40,"Happy birthday to my mood maker, serotonin pill and loml, Mark lee #MarkInOurHearts #MARKLEE #HappyBirthdayMARKNCT",n0_nsal,0
2020-08-02 18:05:00,#MarkInOurHearts HAPPY BIRTHDAY,beubeu_y,0
2020-08-02 18:04:51,Happy birthday Mark Lee #HAPPYMARKDAY #MarkInOurHearts #ìŠ¤ë¬¼ë‘˜_ë§ˆí¬ê°€_ë¹›ë‚ _ì‹œê°„ #MarkLeeTimeToShine #ë§ˆí¬_ìƒì¼ì´ë¼_ë‚ ì´_MARKë‹¤ #MARK #NCT127,luckyfornay,0
2020-07-03 16:32:40,We're so thrilled to hear how our new product CalmerÂ® has been helping some peoples tinnitus! Read more about Calmer here --> https://www.flareaudio.com/pages/calmer-life,flareaudio,1071
2020-08-02 18:04:28,#21BEFORE21WITHJAEMIN Day 11 It was cute when Jaemin had to explain Mark the one word thing on weekly idol and the vlog section when they where in Japan and of course this fabulous moment: #HappyMarkDay #MarkInOurHearts #ìŠ¤ë¬¼ë‘˜_ë§ˆí¬ê°€_ë¹›ë‚ _ì‹œê°„,Ninagami_,0
2020-08-02 18:04:11,Happy Birthday To Nong Ngang. I wish Nong Ma K very happy. All happy There are a lot of people who are loving. I love you! # ìŠ¤ë¬¼ ë‘˜ _ ë§ˆí¬ ê°€ _ ë¹›ë‚  _ ì‹œê°„ #HAPPYMARKDAY #MarkInOurHearts # 21stGoFromYoungMarklee,lukwayyl2,0
2020-08-02 18:04:11,HAPPY BIRTHDAY MARK LEE Love u ur watermelon guy #HappyMarkDay #MarkInOurHearts #21,keepdreamies,0
2020-08-02 18:02:32,"Happy Birthday to you watermelon addict guy thank you for bring happiness to my life and other nctzen,i hope all ur dreams come true,love u mark lee #HAPPYMARKLEEDAY #HappyMarkDay #MarkInOurHearts # twentytwo_markga_lightday_time #MarkLeeTimeToShine # Mark_Birthday_Day is_MARK",keepdreamies,0
2020-08-02 18:01:03,mau gopay Happy birthday Mark Lee #HAPPYMARKDAY #MarkInOurHearts #Twenty_Mark Ga_Light Day_Time #MarkLeeTimeToShine #Mark_Happy Birthday_Day_MARK #MARK #NCT127,luckyfornay,0
2020-08-02 18:00:50,Happy birthday Mark Lee #HAPPYMARKDAY #MarkInOurHearts #ìŠ¤ë¬¼ë‘˜_ë§ˆí¬ê°€_ë¹›ë‚ _ì‹œê°„ #MarkLeeTimeToShine #ë§ˆí¬_ìƒì¼ì´ë¼_ë‚ ì´_MARKë‹¤ #MARK #NCT127,luckyfornay,0
2020-08-02 17:58:32,#HappyMarkDay #MarkInOurHearts #Twenty_Mark_Light_Time #MarkLeeTimeToShine,Pearly73932512,0
2020-08-02 17:57:50,iâ€™m late bc i didnâ€™t have cell service but mark day iâ€™m bringing back my fav video #MarkInOurHearts,dimplemonn,0
2020-08-02 17:55:22,"Happy birthday to Mark Hope you enjoy your day Always healthy, cute , positif vibe,and shine bright,, Mark best boy! #HappyMarkDay #MarkInOurHearts #ìŠ¤ë¬¼ë‘˜_ë§ˆí¬ê°€_ë¹›ë‚ _ì‹œê°„ #MarkLeeTimeToShine #MARKLEE",JCCFAM0,0
2020-08-02 17:55:11,(ï½¡ ï½¥ Î© ï½¥ï½¡) ï¾‰ â™¡ #HAPPYMARKLEEDAY #HAPPYJAEMINDAY #MARKINOURHEARTS,uwurakna,0
2020-08-02 17:53:46,Happy Birthday to this amazing Man #MarkInOurHearts #markleeday,Covenan33648442,0
2020-08-02 17:52:50,#INFO | 02.08.20 â€¢ The #MARK anniversary has been added again to the official #NCTDREAM schedule http://nctdream.smtown.com/PopSchedule #HappyMarkDay #MarkInOurHearts # ìŠ¤ë¬¼ ë‘˜ _ ë§ˆí¬ ê°€ _ ë¹›ë‚  _ ì‹œê°„ @NCTsmtown_DREAM,NCTDreamBrazil,19
2020-08-02 17:51:37,"mau album we boom/ saldo jg gapapaa, dom purwodadi, SEMOGA KALI INI BERUNTUNG AAMIIN #HAPPYMARKDAY #MarkInOurHearts #ìŠ¤ë¬¼ë‘˜_ë§ˆí¬ê°€_ë¹›ë‚ _ì‹œê°„",kimdoyouunng,0
2020-08-02 17:50:46,A little late but the intention is what counts u.u #happymarkday #MarkInOurHearts @ NCTsmtown_127,Wen_Jisung,2
2020-08-02 17:49:34,"~â™¡ baby lion , selamat ulang tahun! &lt;3 - sehat2 terus yaa ! dan semoga bahagia selalu! (ï½¡â™¡â€¿â™¡ï½¡) #HappyMarkDay #MarkInOurHearts #ìŠ¤ë¬¼ë‘˜_ë§ˆí¬ê°€_ë¹›ë‚ _ì‹œê°„ #ë§ˆí¬_ìƒì¼ì´ë¼_ë‚ ì´_MARKë‹¤ #MarkLeeTimeToShine",bbyfullsun_,0
2020-08-02 17:49:08,#HAPPYMARKLEEDAY #MarkInOurHearts,SaraSumayya,0
2020-08-02 17:48:25,mark lee(Didnt make this but credit to the owner)#MarkInOurHearts #MARKLEE #MARK,Alexisw26566498,0
2020-08-02 17:47:57,Happy Birthday Mark #MARKDAY #MarkInOurHearts #NCT127 @NCTsmtown,almaliekaaty,0
2020-07-03 16:32:40,We're so thrilled to hear how our new product CalmerÂ® has been helping some peoples tinnitus! Read more about Calmer here --> https://www.flareaudio.com/pages/calmer-life,flareaudio,1071
2020-08-02 17:45:32,"I wasn't active yesterday but a very happy birthday to the nation's baby boy Mark lee!! you're so hardworking, so talented, and you're such a great spokesperson. Shine bright sweetheart, I'll be w you. #HAPPYMARKDAY #MarkInOurHearts #ìŠ¤ë¬¼ë‘˜_ë§ˆí¬ê°€_ë¹›ë‚ _ì‹œê°„ #MarkLeeTimeToShine",jksysl,0
2020-08-02 17:45:01,CelebraciÃ³n del cumple de Mark en el Dunkin uwu... #happymarkday #MarkInOurHearts #Twenty_Mark_light_time,markbabylee,5
2020-08-02 17:44:58,Happy birthday Mark Lee! Wish u all the best!! #HAPPYMARKDAY #MarkInOurHearts #Twenty_Mark_Light_Time #MarkLeeTimeToShine #Mark_Birthday_Day is MARK #MARK #NCT127,LadyViolet_212,0
2020-08-02 17:44:14,Thank you for being a smile and laughter for ATS. I will stay beside you forever. #MarkInOurHearts #HAPPYMARKLEEDAY,xiumin_ppc,0
2020-08-02 17:44:08,"We wish you more success in the future, always given health, and don't forget to be happy HAPPY BIRTHDAY #HappyMarkDay #MarkInOurHearts # ìŠ¤ë¬¼ ë‘˜ _ ë§ˆí¬ ê°€ _ ë¹›ë‚  _ ì‹œê°„ #MarkLeeTimeToShine #HappyMarkDay #MarkInOurHearts # ìŠ¤ë¬¼ ë‘˜ _ ë§ˆí¬ ê°€ _ ë¹›ë‚  _ ì‹œê°„ #MarkLeeTimeToShine #HappyMarkDay #MarkInOurHearts # ìŠ¤ë¬¼ ë‘˜ _ ë§ˆí¬",nananiniuwu,0
2020-08-02 17:43:33,"done, mau album set, wish me luck. HAPPY BIRTHDAY MARKEUUU, i hope u always happy, and thank u for making me happy, love youu #HappyMarkDay #MarkInOurHearts #Mark_Birthday_Day_MARK #MarkLeeTimeToShine #Twenty_Mark_Light_Time",sayangnanaaaaa,0
2020-08-02 17:41:26,#Milelegospelsunday #NationalGirlfriendsDay #MarkInOurHearts,BrianEvans101,0
2020-08-02 17:41:21,#HAPPYMARKLEEDAY #MarkInOurHearts ,M4RKLUVS,0
2020-08-02 17:40:58,Album #HAPPYMARKDAY #MarkInOurHearts #ë§ˆí¬_ìƒì¼ì´ë¼_ë‚ ì´_MARKë‹¤ #MarkLeeTimeToShine,comeliestinjun,0
2020-08-02 17:40:56,Mauu saldo shopeepay. Wish me luck #HappyMarkDay #MarkInOurHearts #ìŠ¤ë¬¼ë‘˜_ë§ˆí¬ê°€_ë¹›ë‚ _ì‹œê°„ #MarkLeeTimeToShine,hyunjaeqts,0
2020-08-02 17:39:57,"You will always have a special place in my heart Mark. Happy birthday once again, always happy and take care of your health. We all love you Mark Lee @NCTsmtown_127 Sorry Mark, I was late to say #MarkInOurHearts #markleeday #MARKLEE",fadhitha,0
2020-08-02 17:36:41,Happy birthday mark lee #HAPPYMARKLEEDAY #HappyMarkDay #MarkInOurHearts #MarkLeeTimeToShine #ìŠ¤ë¬¼ë‘˜_ë§ˆí¬ê°€_ë¹›ë‚ _ì‹œê°„,aleaavz,0
2020-08-02 17:36:07,#HAPPYMARKLEEDAY #HAPPYJAEMINDAY #MarkInOurHearts ,milkmk99,0
2020-08-02 17:36:01,"happy birthday mark , God bless u, stay healthy, wish u all the best , i love you mark #HappyMarkDay #MarkInOurHearts #ìŠ¤ë¬¼ë‘˜_ë§ˆí¬ê°€_ë¹›ë‚ _ì‹œê°„ #MarkLeeTimeToShine",sayangnanaaaaa,0
2020-08-02 17:33:33,"You will always have a special place in my heart Mark. Happy birthday once again, always happy and take care of your health. We all love you Mark Lee @NCTsmtown_127 Sorry I'm late for saying Mark #MarkInOurHearts #markleeday #MARKLEE",fadhitha,0
2020-08-02 17:33:06,HAPPY MARK DAY #HappyMarkDay #MarkInOurHearts #ìŠ¤ë¬¼ë‘˜_ë§ˆí¬ê°€_ë¹›ë‚ _ì‹œê°„,emilyzova,0
2020-08-02 17:32:27,"mau album boom, atau saldo jg mauuu. dom grobogan, wish me luck #HappyMarkDay #MarkInOurHearts #ìŠ¤ë¬¼ë‘˜_ë§ˆí¬ê°€_ë¹›ë‚ _ì‹œê°„ #MarkLeeTimeToShine",sayangnanaaaaa,0
2020-08-02 17:29:46,HAPPY MARKLEE DAY à¹à¸®à¸›à¸›à¸µà¹‰à¹€à¸šà¸´à¸£à¹Œà¸”à¹€à¸”à¸¢à¹Œà¹€à¸ˆà¹‰à¸²à¸«à¸™à¸¹ :) #HAPPYMARKLEEDAY #MARKLEE #NCTfanart #MarkInOurHearts ,TRFMMIO,0
2020-08-02 17:28:35,Happy birthday Mark Lee - #MarkInOurHearts #MARK #MARKLEE #HAPPYMARKLEEDAY #HAPPYMARKDAY #NCT #NCT127 #art,honeysuhhh,5
2020-08-02 17:28:07,#MarkInOurHearts #HAPPYMARKLEEDAY,xiumin_ppc,0
2020-07-03 16:32:40,We're so thrilled to hear how our new product CalmerÂ® has been helping some peoples tinnitus! Read more about Calmer here --> https://www.flareaudio.com/pages/calmer-life,flareaudio,1071
2020-08-02 17:27:31,Gopay #HAPPYMARKDAY #MarkInOurHearts #ìŠ¤ë¬¼ë‘˜_ë§ˆí¬ê°€_ë¹›ë‚ _ì‹œê°„,HaisintaHai,0
2020-08-02 17:26:55,ã¯ã‚ã€ãƒãƒ¼ã‚¯ã®ã‚»ãƒ³ã‚¤ãƒ«çµ‚ã‚ã£ã¡ã‚ƒã£ãŸã€œ(â¸â¸â€º_â€¹â¸â¸)ã‚±ãƒ¼ã‚­ã¯ä½œã‚‹æ°—ã«ãªã‚“ãªãã¦æ—¬ã® ã§ç°¡å˜ã«ãŠç¥ã„ã—ãŸ(ï¼Ÿ) ãƒã‚¯ãƒ‰ãƒ³æœ€é«˜ã‚„ã‚“ï¼ã„ã£ã±ã„ä¾›çµ¦ã‚ã£ã¦ã™ã”ãå……å®Ÿã—ãŸæ—¥ã ã£ãŸã€ã€ æ˜æ—¥ã‹ã‚‰ã‚‚é ‘å¼µã‚ã†ã€œã€œ #HAPPYMARKDAY #MarkInOurHearts #ìŠ¤ë¬¼ë‘˜_ë§ˆí¬ê°€_ë¹›ë‚ _ì‹œê°„,nct_cherrybom,0
2020-08-02 17:25:33,"happy birthday markeuuuuu , wish me luckkk #HappyMarkDay #MarkInOurHearts #ìŠ¤ë¬¼ë‘˜_ë§ˆí¬ê°€_ë¹›ë‚ _ì‹œê°„ #MarkLeeTimeToShinee",jowwrynnn,0
2020-08-02 17:24:29,"done, mau album set. thanks for GA #HAPPYMARKDAY #MarkInOurHearts #ë§ˆí¬_ìƒì¼ì´ë¼_ë‚ ì´_MARKë‹¤ #MarkLeeTimeToShine",MochiOlaf,0
2020-08-02 17:23:47,Happy Birthday Mark Lee Thank you for your all time to Nzen Hope you have a great day every time #HappyMarkDay #MarkInOurHearts #ìŠ¤ë¬¼ë‘˜_ë§ˆí¬ê°€_ë¹›ë‚ _ì‹œê°„ #MarkLeeTimeToShinee,JCCFAM0,0
2020-08-02 17:21:34,Happy birthday Mark!! Wishing all the best for u and just a little reminder that u deserve all the love!! #HappyMarkDay #MarkInOurHearts #ìŠ¤ë¬¼ë‘˜_ë§ˆí¬ê°€_ë¹›ë‚ _ì‹œê°„ #MarkLeeTimeToShine @NCTsmtown_127,doydoyyie,0
2020-08-02 17:16:53,HAPPY BIRTHDAY MARK LEE Please stay healthy and be happy!! thank you for your hardworks #HappyMarkDay #MarkInOurHearts #ìŠ¤ë¬¼ë‘˜_ë§ˆí¬ê°€_ë¹›ë‚ _ì‹œê°„ #MarkLeeTimeToShine #HAPPYMARKLEEDAY,haesunzee,0
2020-08-02 17:15:18, (8) #HAPPYMARKDAY #HAPPYMARKLEEDAY #MarkInOurHearts ,cakechii_twt,0
2020-08-02 17:15:12,its already 3 august :(( but its okay hehe!! happy birthday to this cutie im glad he had a wonderful birthday &lt;3 stay healthy and dont get sick!! @NCTsmtown #HappyMarkDay #MarkInOurHearts ,chrmgkyu,0
2020-08-02 17:12:44,"#HAPPYMARKLEEDAY #MarkInOurHearts #ìŠ¤ë¬¼ë‘˜_ë§ˆí¬ê°€_ë¹›ë‚ _ì‹œê°„ happy birthday to the hard-working, hilarious, and talented markly/ mark lee. Iâ€™m glad you enjoyed your day and I hope to spend many more with you my love. always maintain happiness and stay healthy.",luhvaffair,0
2020-08-02 17:11:05,this ad is so cuteeeee thank you for the pretty ad!!! @Mark_n_friends #HappyMarkDay #MarkInOurHearts #ìŠ¤ë¬¼ë‘˜_ë§ˆí¬ê°€_ë¹›ë‚ _ì‹œê°„,piccololatteee,0
2020-08-02 17:09:38,Selalu mark lee Don't forget to smile always and take care of your health mark lee... #HappyMarkDay #MarkInOurHearts #ìŠ¤ë¬¼ë‘˜_ë§ˆí¬ê°€_ë¹›ë‚ _ì‹œê°„ #MarkLeeTimeToShine,Mtri_iii,0
2020-08-02 17:08:42,"happy birthday, sweetie be happy, give us your smile more often. do not get upset about small mistakes, nctzen will still love you. do not overwork and take care of your health. ily #HAPPYMARKLEEDAY #MarkInOurHearts #ìŠ¤ë¬¼ë‘˜_ë§ˆí¬ê°€_ë¹›ë‚ _ì‹œê°„",stoyankacatera,0
2020-08-02 17:08:06,"Just 2 things that I can saying rn, thank u for the GA n wish me luck ^^ #HappyMarkDay #MarkInOurHearts #ë§ˆí¬_ìƒì¼ì´ë¼_ë‚ ì´_MARKë‹¤ #MarkLeeTimeToShine #ìŠ¤ë¬¼ë‘˜_ë§ˆí¬ê°€_ë¹›ë‚ _ì‹œê°„",tresnomark,0
2020-08-02 17:06:26,ï½¡ï¾Ÿï¾Ÿï½¥ï½¡ï½¥ï¾Ÿï¾Ÿï½¡ ï¾Ÿã€‚ Congrats for 100k views ï¾Ÿï½¥ï½¡ï½¥ï¾Ÿâ € âµ | pengin fankit Jaehyun ×‚×‚à«¢à¼‹à¼˜à¿ Ë—ËË‹ âµ (btw mutualan kuy hyung) ËËŠË— #HappyMarkDay #MarkInOurHearts #ìŠ¤ë¬¼ë‘˜_ë§ˆí¬ê°€_ë¹›ë‚ _ì‹œê°„ #MarkLeeTimeToShine,iniArararaaa,0
2020-08-02 17:05:56,hope mork lee had a wonderful birthday he deserves the world #MarkInOurHearts,chvndlerbong,0
2020-07-03 16:32:40,We're so thrilled to hear how our new product CalmerÂ® has been helping some peoples tinnitus! Read more about Calmer here --> https://www.flareaudio.com/pages/calmer-life,flareaudio,1071
2020-08-02 17:04:47,HAPPY BIRTHDAY MARK LEE!! #HappyMarkDay #MarkInOurHearts #ë§ˆí¬_ìƒì¼ì´ë¼_ë‚ ì´_MARKë‹¤ #MarkLeeTimeToShine Jangan lupa streaming QTAH ya! https://youtu.be/9GrtC5Z4r5w,itsmipicasso,0
2020-08-02 17:04:30,"Happpppyyy late Birthyay, Mark Lee! #HAPPYMARKDAY #MarkInOurHearts #ìŠ¤ë¬¼ë‘˜_ë§ˆí¬ê°€_ë¹›ë‚ _ì‹œê°„ #MarkLeeTimeToShine wish me luck . .",chenleuzing,0
2020-08-02 17:01:13,another pretty mark ad!!! thank you @markgotchu for this beautiful ad!!!! #HappyMarkDay #MarkInOurHearts #ìŠ¤ë¬¼ë‘˜_ë§ˆí¬ê°€_ë¹›ë‚ _ì‹œê°„,piccololatteee,0
2020-08-02 17:00:52,Sayang bangeettt bgt bgt ama mark #ìŠ¤ë¬¼ë‘˜_ë§ˆí¬ê°€_ë¹›ë‚ _ì‹œê°„ #MARK #HAPPYMARKDAY #HappyMarkDay #MARKLEE #NCT127 #MarkInOurHearts ,marknduu,0
2020-08-02 16:59:45,à¸‚à¸­à¹ƒà¸«à¹‰à¹€à¸•à¸´à¸šà¹‚à¸•à¹„à¸›à¹€à¸›à¹‡à¸™à¹à¸šà¸šà¸—à¸µà¹ˆà¸¡à¹‰à¸²à¸„à¸Šà¸­à¸š à¸£à¸±à¸à¸¡à¹‰à¸²à¸„ #MarkInOurHearts #HappyMarkDay #HappyMarkLeeDay,nookkirubynook,0
2020-08-02 16:56:39,First time to see this things @Marahuyo_2020 @NCTsmtown_127 #THEACE_MARKLEE #MarkInOurHearts ,Cherry_Charie,0
2020-08-02 16:54:56,"HAPPY BIRTHDAY MARK LEE always smile to, wish you happiness and success always. don't forget of take care of your health mark #HappyMarkDay #MarkInOurHearts #ë§ˆí¬_ìƒì¼ì´ë¼_ë‚ ì´_MARKë‹¤ #MarkLeeTimeToShine",Mtri_iii,0
2020-08-02 16:53:56,"#HAPPYMARKLEEDAY #MarkInOurHearts Hbd to Haechan best friend uri markie Sehat terus, sukses selalu Moga kepercayaan dirinya nambah @NCTsmtown_127",mentari0606,0
2020-08-02 16:53:43,"HAPPY BIRTHDAY MARK LEE always smile to, wish you happiness and success always. don't forget of take care of your health mark #HappyMarkDay #MarkInOurHearts #ë§ˆí¬_ìƒì¼ì´ë¼_ë‚ ì´_MARKë‹¤ #MarkLeeTimeToShine",Mtri_iii,0
2020-08-02 16:53:25,HBD à¹€à¸ˆà¹‰à¸²à¸¥à¸¹à¸à¸ªà¸´à¸‡à¹‚à¸•à¹€à¸”à¹‡à¸ à¸‚à¸­à¹ƒà¸«à¹‰à¸™à¹‰à¸­à¸‡à¸¡à¹‰à¸²à¸„à¸¡à¸µà¸„à¸§à¸²à¸¡à¸ªà¸¸à¸‚à¹ƒà¸™à¸—à¸¸à¸à¹†à¸§à¸±à¸™ à¸ªà¸¡à¸«à¸§à¸±à¸‡à¹ƒà¸™à¸—à¸¸à¸à¹€à¸£à¸·à¹ˆà¸­à¸‡ à¸ªà¸¸à¸‚à¸ à¸²à¸à¹à¸‚à¹‡à¸‡à¹à¸£à¸‡ à¹„à¸”à¹‰à¸à¸´à¸™à¹à¸•à¸‡à¹‚à¸¡à¹€à¸¢à¸­à¸°à¹† à¸‚à¸­à¸šà¸„à¸¸à¸“à¸—à¸µà¹ˆà¹€à¸•à¸´à¸šà¹‚à¸•à¸¡à¸²à¸­à¸¢à¹ˆà¸²à¸‡à¸”à¸µà¹€à¸¥à¸¢à¸™à¸°à¸„à¸±à¸š #ìŠ¤ë¬¼ë‘˜_ë§ˆí¬ê°€_ë¹›ë‚ _ì‹œê°„ #HAPPYMARKDAY #MarkInOurHearts #21stGoFromYoungMarklee,MM1999312,0
2020-08-02 16:53:19,TotallyRoleplay #HAPPYMARKDAY #ë§ˆí¬ #NCT #NCT127 #MarkInOurHearts #ìŠ¤ë¬¼ë‘˜_ë§ˆí¬ê°€_ë¹›ë‚ _ì‹œê°„ #MarkLeeTimeToShine Thank you mak. I love you so much,TR_LeeMinHyung,0
2020-08-02 16:53:18,"HBD uui, bucinnya semangka #Mark #ë§ˆí¬ #HAPPYMARKDAY #MarkInOurHearts #ìŠ¤ë¬¼ë‘˜_ë§ˆí¬ê°€_ë¹›ë‚ _ì‹œê°„",IFouS_ifos,0
2020-08-02 16:53:03,"HAPPY BIRTHDAY MARK LEE always smile to, wish you happiness and success always. don't forget of take care of your health mark MAU ALBUM SET.. #HappyMarkDay #MarkInOurHearts #ë§ˆí¬_ìƒì¼ì´ë¼_ë‚ ì´_MARKë‹¤ #MarkLeeTimeToShine",Mtri_iii,0
2020-08-02 16:51:11,#ìŠ¤ë¬¼ë‘˜_ë§ˆí¬ê°€_ë¹›ë‚ _ì‹œê°„ #HAPPYMARKDAY #MarkInOurHearts ,huyenanhh_,0
2020-08-02 16:49:24,"Dom bekasii HAPPY BIRTHDAY MARK LEE always smile to nctzen, wish you happiness and success always. don't forget of take care of your health mark #HappyMarkDay #MarkInOurHearts #ìŠ¤ë¬¼ë‘˜_ë§ˆí¬ê°€_ë¹›ë‚ _ì‹œê°„ #MarkLeeTimeToShine",Mtri_iii,0
2020-08-02 16:48:50, (7) #HAPPYMARKDAY #HAPPYMARKLEEDAY #MarkInOurHearts ,cakechii_twt,0
2020-08-02 16:48:32,ğ™ƒğ˜¼ğ™‹ğ™‹ğ™” ğ˜½ğ™„ğ™ğ™ğ™ƒğ˜¿ğ˜¼ğ™” ğ™ˆğ˜¼ğ™ğ™† ğ™‡ğ™€ğ™€ ğ˜¼ğ™™ğ™¨ ğ™Šğ™‰ ğ™„ğ™‰ğ™ğ™ğ˜¼ğ™‚ğ™ğ˜¼ğ™ˆ ğ™‹ğ™Šğ™ğ™ 2 - 3 Aug 2020 #HAPPYMARKLEEDAY #HAPPYMARKDAY #02TheMARKnBack #MarkInOurHearts ,monsterrrlalala,0
2020-08-02 16:47:40,pic 1: gambarnya bagus banget pic 2&amp;3: KAGET #HappyMarkDay #MarkInOurHearts #ìŠ¤ë¬¼ë‘˜_ë§ˆí¬ê°€_ë¹›ë‚ _ì‹œê°„,gineandtonic,0
2020-08-02 16:46:52,à¸à¸´à¹‰à¸”à¸”!!à¹€à¸à¸·à¸­à¸šà¸¡à¸°à¸—à¸±à¸™ à¹à¸®à¸›à¸›à¸µà¹‰à¸¡à¹‰à¸²à¸„à¸¥à¸µà¹€à¸”à¸¢à¹Œ!!! à¸‚à¸­à¹ƒà¸«à¹‰à¸™à¹‰à¸‡à¸¡à¹‰à¸²à¸„à¸¡à¸µà¸„à¸§à¸²à¸¡à¸¡à¸²à¸à¸à¸§à¹ˆà¸²à¹€à¸¡à¸¥à¹‡à¸”à¹à¸•à¸‡à¹‚à¸¡à¹ƒà¸™à¸¥à¸¹à¸à¹à¸•à¸‡à¹‚à¸¡à¹€à¸›à¸™à¸¥à¹‰à¸²à¸™à¹†à¹€à¸—à¹ˆà¸²=ÍŸÍŸÍ à¸‚à¸­à¹ƒà¸«à¹‰à¸—à¸¸à¸à¸§à¸±à¸™à¸‚à¸­à¸‡à¸¡à¹‰à¸²à¸„à¸¥à¸µà¹€à¸•à¹‡à¸¡à¹„à¸›à¸”à¹‰à¸§à¸¢à¸£à¸­à¸¢à¸¢à¸´à¹‰à¸¡à¸—à¸µà¹ˆà¸à¸”à¹ƒà¸à¹†à¹† ğ‘ğ‘’ğ‘Ÿğ‘ğ‘ğ‘œğ‘œ ğ‘ğ‘›ğ‘‘ ğ‘ğ‘™ğ‘¤ğ‘ğ‘¦ğ‘  ğ‘ ğ‘¢ğ‘ğ‘ğ‘œğ‘Ÿğ‘¡ ğ‘¦ğ‘œğ‘¢ #HappyMarkDay #MarkInOurHearts #HAPPYMARKLEEDAY,__hhoneyybee,6
2020-08-02 16:46:35,"Happy birthday to you mark lee! I always love you for yesterday, today, tomorrow, next year, thousand years, and thousand more. #HAPPYMARKDAY #MarkLeeTimeToShine #MarkInOurHearts #ë§ˆí¬_ìƒì¼ì´ë¼_ë‚ ì´_MARKë‹¤ @NCTsmtown_127",allmyuwuisyou,0
2020-07-03 16:32:40,We're so thrilled to hear how our new product CalmerÂ® has been helping some peoples tinnitus! Read more about Calmer here --> https://www.flareaudio.com/pages/calmer-life,flareaudio,1071
2020-08-02 16:46:21, #HAPPYMARKLEEDAY #MarkInOurHearts #ìŠ¤ë¬¼ë‘˜_ë§ˆí¬ê°€_ë¹›ë‚ _ì‹œê°„ #MarkLeeTimeToShine,honeybsheep,0
2020-08-02 16:46:17,found this ad on youtube #HAPPYMARKDAY #MarkInOurHearts #ìŠ¤ë¬¼ë‘˜_ë§ˆí¬ê°€_ë¹›ë‚ _ì‹œê°„ #MarkLeeTimeToShine,nctzenbae,0
2020-08-02 16:46:05,"happy birthday to the biggest babie mark lee! i hope only for the best all through your life and for you to always be happy! thankyou for being such a blessing, ily #HappyMarkDay #MarkInOurHearts #ìŠ¤ë¬¼ë‘˜_ë§ˆí¬ê°€_ë¹›ë‚ _ì‹œê°„ #MarkLeeTimeToShine",jaemminnie,0
2020-08-02 16:46:02,#MARK #MARKLEE #NCT #NCT127 #ìŠ¤ë¬¼ë‘˜_ë§ˆí¬ê°€_ë¹›ë‚ _ì‹œê°„ #HAPPYMARKDAY #MarkInOurHearts #21stGoFromYoungMarklee @NCTsmtown @NCTsmtown_127 @NCTsmtown_DREAM à¸‚à¸­à¹ƒà¸«à¹‰à¸¡à¸µà¹à¸•à¹ˆà¸„à¸§à¸²à¸¡à¸ªà¸¸à¸‚à¸™à¸°à¸„à¸°à¹€à¸”à¹‰à¸à¹†à¹†à¹† ,faysondongpyo,0
2020-08-02 16:44:22,"happy birthday mark lee smile always for nctzen, wish you happiness and success always #HappyMarkDay #MarkInOurHearts #ìŠ¤ë¬¼ë‘˜_ë§ˆí¬ê°€_ë¹›ë‚ _ì‹œê°„",Mtri_iii,0
2020-08-02 16:43:40,"Mark Lee, birthday ads on instagram #HAPPYMARKDAY #MarkInOurHearts #ìŠ¤ë¬¼ë‘˜_ë§ˆí¬ê°€_ë¹›ë‚ _ì‹œê°„ #MarkLeeTimeToShine",maatchaatea,0
2020-08-02 16:42:47,masih nemu #HappyMarkDay #MarkInOurHearts #ìŠ¤ë¬¼ë‘˜_ë§ˆí¬ê°€_ë¹›ë‚ _ì‹œê°„,schatjae,0
2020-08-02 16:42:24,#HAPPYMARKDAY #HAPPYMARKLEEDAY #MarkInOurHearts ,P_mywixk,0
2020-08-02 16:42:03,He is my smile (6) #HAPPYMARKDAY #HAPPYMARKLEEDAY #MarkInOurHearts ,cakechii_twt,0
2020-08-02 16:41:52,Jangan sampai air mata menghapus senyuman mark lee di hari bahagia ini Happy birthday Mark Lee Min-hyung #HAPPYMARKDAY #MarkInOurHearts #ë§ˆí¬_ìƒì¼ì´ë¼_ë‚ ì´_MARKë‹¤ #MarkLeeTimeToShine,pimorkkeu,0
2020-08-02 16:41:42,happy birthday markie my first mark ad!!!!! thank you for making such a beautiful ad @march_studio #HappyMarkDay #MarkInOurHearts #ìŠ¤ë¬¼ë‘˜_ë§ˆí¬ê°€_ë¹›ë‚ _ì‹œê°„,piccololatteee,1
2020-08-02 16:41:17,Há´€á´˜á´˜Ê Ê™ÉªÊ€á´›Êœá´…á´€Ê à¸‚à¸­à¹ƒà¸«à¹‰à¸¡à¹‰à¸²à¸„à¸¡à¸µà¸„à¸§à¸²à¸¡à¸ªà¸¸à¸‚à¸¡à¸²à¸ à¹„à¸¡à¹ˆà¹€à¸ˆà¹‡à¸šà¹„à¸¡à¹ˆà¸›à¹ˆà¸§à¸¢ #MarkInOurHearts ,skyfall0909,0
2020-08-02 16:40:17,"August 2 might end, but I hope your days are always as happy as your birthday #HAPPYMARKLEEDAY #MARK #ë§ˆí¬ #NCT127 #SuperM #NCTDREAM #ìŠ¤ë¬¼ë‘˜_ë§ˆí¬ê°€_ë¹›ë‚ _ì‹œê°„ #MarkLeeTimeToShine #MarkInOurHearts ",jaehyunmarkjeno,0
2020-08-02 16:40:14,Karena di Indonesia masih tgl 02082020 jadi ijinin aku ngucapin sekarang ya! HAPPY BIRTHDAY for our precious MARK LEE Thankyou for all of your efforts! Stay healthy and iloveyou boy #HAPPYMARKDAY #MarkInOurHearts #ìŠ¤ë¬¼ë‘˜_ë§ˆí¬ê°€_ë¹›ë‚ _ì‹œê°„ #MarkLeeTimeToShine,rainddx,0
2020-08-02 16:39:26,yooo this one's sick #HappyMarkDay #MarkInOurHearts #ìŠ¤ë¬¼ë‘˜_ë§ˆí¬ê°€_ë¹›ë‚ _ì‹œê°„,gineandtonic,0
2020-08-02 16:38:14,Happy birthday our baby lion watermelons Bismillah wml! Semoga menang huaaa mau banget album nct #HappyMarkDay #MarkInOurHearts #ìŠ¤ë¬¼ë‘˜_ë§ˆí¬ê°€_ë¹›ë‚ _ì‹œê°„ #MarkLeeTimeToShine,moshinoryy,0
2020-08-02 16:38:14,"Happy Birthday NCT, NCT 127, NCT DREAM, NCT U, NCT 2018, Super M's Mark Lee! Always healthy and happy! #HappyMarkDay #MarkInOurHearts #ë§ˆí¬_ìƒì¼ì´ë¼_ë‚ ì´_MARKë‹¤ #MarkLeeTimeToShine",renjunsipolos,0
2020-08-02 16:37:09,Mark day part 2 baby!!! Happy birthday yaâ€™marcus! Love you sexy #HAPPYMARKDAY #MarkInOurHearts #Twenty_Marka_Light_Time,freecssuh,0
2020-08-02 16:36:16,"i hope my sweetest boy, mark lee who mean the world to me had the happiest birthday wishing mark a good health and hope he will always be happy cause he deserves to â™¥ï¸ i love you so much mark #HAPPYMARKDAY #MarkInOurHearts ",M4DClTY,0
2020-08-02 16:35:58,HLBD to Mark Lee #HappyMarkDay #MarkInOurHearts #ìŠ¤ë¬¼ë‘˜_ë§ˆí¬ê°€_ë¹›ë‚ _ì‹œê°„ #Mark #Taeyong #ë§ˆí¬ #íƒœìš© #ë§ˆí¬_ìƒì¼ì´ë¼_ë‚ ì´_MARKë‹¤,minity0701,0
2020-07-03 16:32:40,We're so thrilled to hear how our new product CalmerÂ® has been helping some peoples tinnitus! Read more about Calmer here --> https://www.flareaudio.com/pages/calmer-life,flareaudio,1071
2020-08-02 16:35:02,Happy Birthday Mark! #HappyMarkDay #MarkInOurHearts #ë§ˆí¬_ìƒì¼ì´ë¼_ë‚ ì´_MARKë‹¤ #MarkLeeTimeToShine,renjunsipolos,0
2020-08-02 16:33:59,telat anjrot tpi yauda biar aku jdi yg terakhir hihi #HAPPYMARKLEEDAY #MarkInOurHearts #ìŠ¤ë¬¼ë‘˜_ë§ˆí¬ê°€_ë¹›ë‚ _ì‹œê°„,haelios23,0
2020-08-02 16:32:37,Mark Lee birthday ads on instagram #HAPPYMARKDAY #MarkInOurHearts #25,maatchaatea,0
2020-08-02 16:32:16,"HLBD to Mark Lee thank you for being NCT, thank you for being Mark #HappyMarkDay #MarkInOurHearts #ìŠ¤ë¬¼ë‘˜_ë§ˆí¬ê°€_ë¹›ë‚ _ì‹œê°„",saico077,1
2020-08-02 16:31:38,Thank you for working hard all this time love you lee mark #HAPPYMARKDAY #MarkInOurHearts #ìŠ¤ë¬¼ë‘˜_ë§ˆí¬ê°€_ë¹›ë‚ _ì‹œê°„ #MarkLeeDayGiveaway #HappyMarkDay #MARK #NCT127 @NCTsmtown_127 @NCTsmtown,marknduu,0
2020-08-02 16:31:08,HAPPY BIRTHDAY MARK LEE #HappyMarkDay #MarkInOurHearts #ìŠ¤ë¬¼ë‘˜_ë§ˆí¬ê°€_ë¹›ë‚ _ì‹œê°„ #MarkLeeTimeToShine,haesunzee,0
2020-08-02 16:30:36, #HappyMarkDay #MarkInOurHearts #ìŠ¤ë¬¼ë‘˜_ë§ˆí¬ê°€_ë¹›ë‚ _ì‹œê°„,xxxxin17,0
2020-08-02 16:30:28,HAPPY BIRTHDAY MARK LEE hbd my fav boys! loff you! mau album!! atoo pantone zipnote jgaa mau bgttt!! #HappyMarkDay #MarkInOurHearts #ë§ˆí¬_ìƒì¼ì´ë¼_ë‚ ì´_MARKë‹¤ #MarkLeeTimeToShine #ìŠ¤ë¬¼ë‘˜_ë§ˆí¬ê°€_ë¹›ë‚ _ì‹œê°„ ((menawarkan semangka)),bukanbo0neka,0
2020-08-02 16:29:48,"Happy born day to our precious watermelon boy, stay healthy, stay happy cause us always beside you #HappyMarkDay #MarkInOurHearts #ìŠ¤ë¬¼ë‘˜_ë§ˆí¬ê°€_ë¹›ë‚ _ì‹œê°„ #MarkLeeTimeToShinee",renjunskies,0
2020-08-02 16:28:30,Happy Birthday ì‹œì¦ˆë‹ˆ Ace! Keep doing something that u love and we always support what u do! I adore you so much #HappyMarkDay #MarkInOurHearts #ìŠ¤ë¬¼ë‘˜_ë§ˆí¬ê°€_ë¹›ë‚ _ì‹œê°„ #MarkLeeTimeToShine,cluvdiiesch,0
