Keyword,Title,Source,Link,Paragraph
covid19,Why Some Young People Fear Social Isolation More Than COVID-19,NPR,https://www.google.com/url?rct=j&sa=t&url=https://www.npr.org/sections/health-shots/2020/07/04/885546281/why-some-young-people-fear-social-isolation-more-than-covid-19&ct=ga&cd=CAAYADIdZmQyNzJjNDk4NjUwYWNmYzpjb20uc2c6ZW46U0c&usg=AFQjCNEQDUJ5af7sX7Q9TYfN07VMWw63YA,"YUKI NOGUCHIRecent protests in Philadelphia and across the country have drawn young people. But for most of the pandemic, youth have been quarantined and away from their social circles, which could make depression and other mental illness worse.Audrey just turned 18 and relishes crossing into adulthood: She voted for the first time this year, graduated high school and is college-bound next month. The honors student typically wakes up ""a bundle of nerves,"" she says, which had fueled her work volunteering, playing varsity sports and leading student government.But for years, she also struggled with anxiety, depression and obsessive compulsive disorder ‚Äî all of which drove her to work harder.""I was spending so much time on my homework, I felt like I was losing my friends ‚Äî so my thoughts would race over and over again about my friends,"" says Audrey. ""And then I would have the difficult thoughts about suicide and some scarier stuff."" (NPR agreed to use only her first name to protect her medical privacy.)Audrey's psychological struggles landed her in mental health treatment last fall. There, she says, the coping skills she learned gave her perspective on quarantine: ""I know all about how seeing friends and seeing people outside ‚Äî and social interaction ‚Äî is vital for survival.""There is a simmering tension between young people's desire to gather socially, and the growing threat from the coronavirus in the United States. The virus is now infecting more people in their teens and 20s than it had earlier in the pandemic, and that's contributing to outbreaks, especially in states in the South and West. As a result, public health officials are imploring young adults to limit social contact and take precautions to help protect their more vulnerable elders. But many young people see continued social isolation as a much greater risk than COVID-19 to their own mental health.It's not that Audrey isn't worried about the pandemic; in fact, confirmed cases of the coronavirus are spiking in her hometown of Charlotte, N.C. So Audrey wears masks, washes her hands and stays 6 feet from friends. But for her generation, she says, infection isn't the primary threat.""A lot of people are calling attention to coronavirus because it's right in front of us,"" she says. ""But at the same time, teens' depression rate ‚Äî it's a silent threat.""The health risks of infection differ by generation. For many young adults, life lived at a social distance, with a lack of peer support, comes at a high cost to mental health. The Centers for Disease Control and Prevention says nearly half of people between 18 and 29 report feeling symptoms of anxiety or depression. That's significantly higher that the rate for both their parents and their grandparents. Suicide is the second leading cause of death for people under 35.Yet somehow, says Audrey, that's not talked about as much.""We haven't seen the government or adults as passionate about the things we really care about, like mental health and climate issues,"" she says.It might be tempting to think that FaceTime and Zoom provide substitutes for in-person social outlets, especially for a generation of digital natives who grew up with smartphones. But, therapists say, talking by small screen offers no replacement for a calming hug and can miss the subtleties of a compassionate expression.Audrey's complaint is a common refrain among the adolescent and young adult patients whom psychologist Lisa Jacobs counsels. It is not that they aren't concerned about the risks of COVID-19, she says; it's just that their risk calculations differ.""They are appropriately realizing that isolation is a risk for them as well ‚Äî it's a risk factor for depression, and depression is a risk factor for suicide,"" Jacobs says. ""And 8% of American teens attempt suicide each year.""Jacobs says many of her young patients complain older generations failed to address the young people's fears ‚Äî of school shootings and climate change, for example.""After not being protected, after not being taken seriously, they were asked to take extreme measures to protect other groups and to put themselves at risk by doing so,"" Jacobs says.There is a biological basis for young people's need for socialization. Scientists say bonding isn't a luxury; it's critical for development.Young brains need social connection to feel secure about their identity and place in the world, says Gregory Lewis, who studies the neurobiology of social interaction at Indiana University.If You Need Help: ResourcesIf you or someone you know is in crisis, help is available. Call the National Suicide Prevention Lifeline at 1-800-273-8255, or go here to chat online.For more help:""We expect as a human being to have other people there to share the stressful times and to be our backup, and when they're not there physically, that in of itself tells our nervous system 'you're in a dangerous environment because you don't have these people here,' "" he says.That is less of an issue among older adults, Lewis says, who have had more time to develop their social networks ‚Äî both at work and around their community ‚Äî and more time to find partners who can help ground them emotionally. By contrast, he says, ""younger people are missing a larger percentage of what previously was there to buffer them.""So the societal challenge, he says, is to find ways to help community members of all ages balance the risks of infection against the need to foster those essential social bonds.NPR thanks our sponsorsBecome an NPR sponsor"
covid19,Covid-19 is here to stay. People will have to adapt,The Economist,https://www.google.com/url?rct=j&sa=t&url=https://www.economist.com/leaders/2020/07/04/covid-19-is-here-to-stay-people-will-have-to-adapt&ct=ga&cd=CAAYATIdZmQyNzJjNDk4NjUwYWNmYzpjb20uc2c6ZW46U0c&usg=AFQjCNEBhzYKM2_eTI2WSkmlWKn2XEZukw,"The world is not experiencing a second wave: it never got over the firstEditor‚Äôs note: Some of our covid-19 coverage is free for readers of The Economist Today, our daily newsletter. For more stories and our pandemic tracker, see our hubI
t is astonishing how rapidly the pandemic has spread, despite all the efforts to stop it. On February 1st, the day covid-19 first appeared on our front cover, the World Health Organisation counted 2,115 new cases. On June 28th its daily tally reached 190,000. That day as many new cases were notched up every 90 minutes as had been recorded in total by February 1st.The world is not experiencing a second wave: it never got over the first. Some 10m people are known to have been infected. Pretty much everywhere has registered cases (Turkmenistan and North Korea have not, though, like Antarctica). For every country such as China, Taiwan and Vietnam, which seems to be able to contain the virus, there are more, in Latin America and South Asia, where it is raging. Others, including the United States, are at risk of losing control or, in much of Africa, in the early phase of their epidemic. Europe is somewhere in between.The worst is to come. Based on research in 84 countries, a team at the Massachusetts Institute of Technology reckons that, for each recorded case, 12 go unrecorded and that for every two covid-19 deaths counted, a third is misattributed to other causes. Without a medical breakthrough, it says, the total number of cases will climb to 200m-600m by spring 2021. At that point, between 1.4m and 3.7m people will have died. Even then, well over 90% of the world‚Äôs population will still be vulnerable to infection‚Äîmore if immunity turns out to be transient.The actual outcome depends on how societies manage the disease. Here the news is better. Epidemiologists understand how to stop covid-19. You catch it indoors, in crowds, when people raise their voices. The poor are vulnerable, as are the elderly and those with other conditions. You can contain the virus with three tactics: changes in behaviour; testing, tracing and isolation; and, if they fail, lockdowns. The worse a country is at testing‚Äîand many governments have failed to build enough capacity‚Äîthe more it has to fall back on the other two. Good public health need not be expensive. Dharavi, a slum of 850,000 people in Mumbai, tamed an outbreak (see article).Treatments have improved, thanks to research and dealing with patients. Although mass vaccination is still months away at best (see article), the first therapies are available. More is known about how to manage the disease‚Äîdon‚Äôt rush to put people on respirators, do give them oxygen early. Better treatment helps explain why the share of hospital patients who went on to be admitted to intensive care fell in Britain from 12% at the end of March to 4% in mid to late May.And economies have adapted. They are still suffering, of course. J.P. Morgan, a bank, predicts that the peak-to-trough decline in the first half of the year in the 39 economies it follows will be around 10% of gdp. But workers stuck in Zoom hell have discovered that they can get a surprising amount done from home. In China Starbucks designed ‚Äúcontactless‚Äù ordering, cutting the time customers spend in its coffee shops. Supply chains that struggled now run smoothly. Factories have found ways to stagger shifts, shield staff behind plastic and change work patterns so that personal contact is minimised.Now that nationwide lockdowns are done, governments can make sensible trade-offs‚Äîbanning large indoor gatherings, say and allowing the reopening of schools and shops. Sometimes, as in some American states, they will loosen too much and have to reverse course. Others will learn from their mistakes.The problem is that, without a cure or a vaccine, containment depends on people learning to change their behaviour. After the initial covid-19 panic, many are becoming disenchanted and resistant. Masks help stop the disease, but in Europe and America some refuse to wear one because they see them as emasculating or, worse, Democratic. Thorough handwashing kills the virus, but who has not relapsed into bad old habits? Parties are dangerous but young people cooped up for months have developed a devil-may-care attitude. Most important, as the months drag on, people just need to earn some money. In the autumn, as life moves indoors, infections could soar.Changing social norms is hard. Just look at aids, known for decades to be prevented by safe sex and clean needles. Yet in 2018, 1.7m people were newly infected with hiv, the virus that causes it. Covid-19 is easier to talk about than aids, but harder to avoid. Wearing a mask is chiefly about protecting others; the young, fit and asymptomatic are being asked to follow tedious rules to shield the old and infirm.Changing behaviour requires clear communication from trusted figures, national and local. But many people do not believe their politicians. In countries such as America, Iran, Britain, Russia and Brazil, which have the highest caseloads, presidents and prime ministers minimised the threat, vacillated, issued bad advice or seemed more interested in their own political fortunes than in their country‚Äîsometimes all at once.Covid-19 is here for a while at least. The vulnerable will be afraid to go out and innovation will slow, creating a 90% economy that consistently fails to reach its potential. Many people will fall ill and some of them will die. You may have lost interest in the pandemic. It has not lost interest in you. ‚ñ†Editor‚Äôs note: Some of our covid-19 coverage is free for readers of The Economist Today, our daily newsletter. For more stories and our pandemic tracker, see our hubThis article appeared in the Leaders section of the print edition under the headline ""The way we live now""Sign up to our free daily newsletter, The Economist todayPublished since September 1843 to take part in ‚Äúa severe contest between intelligence, which presses forward, and an unworthy, timid ignorance obstructing our progress.‚ÄùCopyright ¬© The Economist Newspaper Limited 2020. All rights reserved."
covid19,If you are infected: demystifying Covid-19 care,The Indian Express,https://www.google.com/url?rct=j&sa=t&url=https://indianexpress.com/article/explained/if-you-are-infected-demystifying-covid-19-care-6485803/&ct=ga&cd=CAAYAjIdZmQyNzJjNDk4NjUwYWNmYzpjb20uc2c6ZW46U0c&usg=AFQjCNG627f0kC21K7KgJFDRbjOrkLmTmw,"Written by Dr Satchit Balsari, Dr Zarir UdwadiaAfter three months of missteps, there seems to be consensus ‚Äî or rather a late realisation ‚Äî that not all patients with Covid-19 need to be taken to hospitals. We have known with fair certainty since early March that Covid-19 does not spread like Ebola, and that in the absence of effective medical treatment, non-pharmaceutical interventions like hand-washing, masking and physical distancing would be the best defence. And yet, for nearly one hundred days, confirmed cases of Covid-19 in India‚Äôs cities were being admitted to hospitals, irrespective of the severity of disease.This blunder ‚Äî with no clinical justification ‚Äî resulted in first paralysing, then overwhelming, and finally crushing entire health systems. The hospitals were rendered incapable of caring for tens of thousands of other patients with non-Covid-related diseases, and jeopardised the wellbeing of their overworked staff. What can other cities, towns and villages in India learn from this, as the pandemic spreads to the hinterland?Explained | The G4 flu virus with ‚Äòpandemic potential‚Äô, found by Chinese researchers?There are a finite number of permutations that can occur, when someone is exposed to Covid-19. Let‚Äôs walk through these possibilities, and the possible care pathways each situation warrants.Asymptomatics: If exposed, one gets Covid-19 or one doesn‚Äôt. Of all who get it, most will be asymptomatic: they will show no symptoms, but will continue to spread it. It is likely that they may be less contagious than someone who is actively coughing, but there is no evidence to suggest that the asymptomatic patients do not spread the virus. They, however, need no treatment.Presymptomatics and mild cases: Of the few that are symptomatic, all will first be pre-symptomatic. This is the roughly two-day interval in which they will be contagious, will spread the virus, but will not have developed symptoms. Eventually they will develop one or a combination of the Covid-19 symptoms we recognise: loss of smell or taste, cough, fever, and so on.Most of these symptomatic cases will only have mild symptoms and will also need no treatment, except what physicians appropriately call ‚Äúsymptomatic management‚Äù, with medications to simply manage the fever and cough and bodyaches. Home remedies may help with some of this, but there is no evidence that they alter the course of the disease.Symptomatics, moderate: Of the remainder, some will develop moderate symptoms, and some will develop severe disease. Only these two categories need sophisticated medical intervention.Explained | What is Covaxin, India‚Äôs Covid-19 vaccine candidate?Those with moderate symptoms will benefit from oxygen therapy, and ‚Äúpronation,‚Äù which in plain English, means lying on your belly, instead of your back. Doing so opens up the air chambers in the back of your lungs that are normally collapsed, thereby providing more oxygen to your blood. Early evidence shows that this helps avert the need for more aggressive intervention in some cases.But the principal intervention for those with moderate severity is oxygen ‚Äî which can be delivered through a mask and tube connected to a portable oxygen tank (which like a gas cylinder, is heavy, and must be replaced); or as piped oxygen, as is available in some hospitals, and which comes from larger tanks; or simply via a small, portable machine called an oxygen concentrator which makes oxygen from air. Many people with lung diseases have them at home. There is no clinical justification to take up ICU beds for these patients. They do not need ventilators, or intensive care specialists ‚Äî especially when no city in India has enough of either, and most smaller towns and villages have neither.Severe cases: Unlike run-of-the-mill pneumonias, we have observed that the shortness of breath in patients with Covid-19 can progress abruptly, and these patients need ventilators. These breathing machines are highly complex systems that need skilled technicians to run them, and require that patients have a flexible plastic tube advanced into their trachea (windpipe), typically by an anaesthesiologist or emergency physicians or intensivists. The patients then have to be kept sedated (asleep) with a precisely dosed intravenous medication ‚Äî an overdose of which can easily kill the patient. And finally, plasma donated from Covid-19 survivors helps some of the sickest. These are the critical elements of an ‚ÄúICU bed‚Äù ‚Äî there is nothing special about the bed itself.üì£ Express Explained is now on Telegram. Click here to join our channel (@ieexplained) and stay updated with the latestCommunity-based care: The best way to relax the load on hospitals is to keep all those who do not need hospital-based care, away from hospitals ‚Äî for as long as is safely possible. Keeping people home safely means monitoring symptomatic patients by measuring their respiratory rate (counting how many breaths they take per minute ‚Äî the average person takes about 12) and their oxygen saturation, using a small device that clips on to your fingertips, called pulse-oximeter. Neighbourhood champions and community health workers can be easily taught to do this via online teaching aids.If the oxygen saturation begins to go down, or the respiratory rate begins to go up, the patients need intervention ‚Äî first, oxygen therapy. Most will not have access to hospitals, and can be safely given oxygen at home when possible, or in neighbourhood Covid-care centres. A minority will have to go to hospital.There will, of course, be many exceptions to this neat linear progression, but the vast majority will follow this trajectory, as data from around the world are showing. (We still don‚Äôt have reliable clinical data from India.)This strategy is not new. By early April, patients in New York, where the epidemic was then at its peak, were being sent home with pulse-oximeters and even oxygen concentrators. Various states in India were at the time embracing unproven, unvalidated interventions.Don‚Äôt miss from Explained | Bad June, two lakh cases in last 12 daysInstead of distributing spice mixtures, arsenicum album and hydroxychloroquine, it will now be wiser to distribute pulse-oximeters to communities at risk. So far, early data suggest that a steroid and the antiviral remdesivir may show some benefit in more severe hospitalised cases. Favipiravir has been approved for use in moderate cases in India, but the data have not been released. Note however, that a similar wonder-drug for influenza mostly brings down symptoms by a day. These medications are not cures.Covid-19 will ravage neighbourhoods across India. The best strategy will be to mount a hyper-local response that is backed by science. Dharavi and Kerala ‚Äî very different from each other ‚Äî have shown how a highly context-driven strategy works. Most of those who will get Covid-19 will be fine. Among those who have some symptoms, monitor as many as possible with pulse-oximeters (or simply by counting the respiratory rate, when devices run out). And if short of breath, administer oxygenation and pronation.A minority will get very sick, and will require critical care. The harsh reality is that most from the last group will not get the care they need. We cannot fix decades of neglect while in the throes of a pandemic.(Dr Satchit Balsari is assistant professor in Emergency Medicine and in Global Health at Harvard University‚Äôs medical and public health schools. Dr Zarir Udwadia is Consultant Chest Physician, PD Hinduja Hospital & Medical Research Centre, Mumbai)üì£ The Indian Express is now on Telegram. Click here to join our channel (@indianexpress) and stay updated with the latest headlinesFor all the latest Explained News, download Indian Express App."
covid19,"Singapore reports 185 new COVID-19 cases, including 82-year-old Singaporean woman",CNA,https://www.google.com/url?rct=j&sa=t&url=https://www.channelnewsasia.com/news/singapore/covid-19-community-imported-cases-citizen-pr-dormitory-jul-4-12900486&ct=ga&cd=CAAYAzIdZmQyNzJjNDk4NjUwYWNmYzpjb20uc2c6ZW46U0c&usg=AFQjCNFHiM88C4rOFmFxoez6ZhCCQEK1Ig,"SINGAPORE: Singapore reported 185 new COVID-19 infections on Saturday (Jul 4), including nine community cases, of whom eight are unlinked.This brings the total number of cases in the country to 44,664. Four of the nine community cases were Singaporeans, three were work pass holders, and two were work permit holders.COMMUNITY CASESOf the nine community cases, one is linked to a previous case, while eight are currently unlinked.Of the eight unlinked cases, one is an 82-year-old Singaporean woman, whose onset of symptoms began on Jul 1. She was confirmed to have COVID-19 on Saturday.The only linked case is a 38-year-old Bangladeshi national, who is a contact of previous case. He had already been quarantined earlier. He was asymptomatic and was tested during quarantine to verify his status, MOH said.Of the eight unlinked cases, three were ""proactively swabbed"" as they work in essential services, even though two were asymptomatic. Another unlinked case was detected as part of MOH's ""proactive"" screening of individuals deployed to frontline COVID-19 operations.Epidemiological investigations are ongoing for the remaining four cases. Of those four cases, three were tested under the ministry's enhanced community testing after being diagnosed with acute respiratory infection.The number of new cases in the community has increased, from an average of six per day in the week before, to an average of nine per day in the past week.The number of unlinked cases in the community has also increased, from an average of three cases per day in the week before, to an average of five per day in the past week.""We will continue to closely monitor these numbers, as well as the cases detected through our surveillance programme,"" MOH said.IMPORTED CASEThe health ministry reported a new imported case involving a permanent resident, who is a family member of a previous case.The 11-year-old had returned from India on Jun 21, and was placed on a stay-home notice upon his arrival in Singapore.He was taken to an isolation facility to start his 14-day notice. The boy was asymptomatic, and was tested while serving the stay-home notice.A total of 175 cases reported on Saturday were work permit holders residing in foreign worker dormitories, the ministry added. No new clusters were identified.348 MORE PATIENTS DISCHARGEDMOH reported that 348 more COVID-19 patients have been discharged from hospitals or community isolation facilities. In all, 40,117 have fully recovered from the infection and have been discharged from hospitals or community care facilities.There are currently 204 confirmed cases who are still in hospital. Of these, most are stable or improving, and two are in a critical condition in the intensive care unit. A total of 4,317 cases are isolated and cared for at community facilities. These are people who have mild symptoms, or are clinically well but still test positive for COVID-19. Twenty-six people have died from complications due to COVID-19 infection.TESTING AT TAMPINES BLOCKMOH said on Thursday that it placed 58 households at Block 111 Tampines Street 11 under active phone surveillance and that these residents and their visitors would be tested for COVID-19.""This is a precautionary measure after MOH had detected nine confirmed cases from two households residing at the block.""In total, 116 residents and visitors have been tested, and all the results have come back
negative for COVID-19. MOH will continue to closely monitor the situation,"" the ministry said. On Friday, the Singapore Tourism Board (STB) announced hotels in Singapore may apply to reopen for staycation bookings. However, hotels will have to comply with various safe management measures to do so.Cinemas are also allowed to reopen from Jul 13, with up to 50 patrons in each cinema hall.Singapore is currently in Phase 2 of its reopening, which began on Jun 19.Download our app or subscribe to our Telegram channel for the latest updates on the coronavirus outbreak: https://cna.asia/telegramCopyright¬© Mediacorp 2020. Mediacorp Pte Ltd. All rights reserved."
covid19,Coronavirus UK map: the latest deaths and confirmed Covid-19 cases,The Guardian,https://www.google.com/url?rct=j&sa=t&url=https://www.theguardian.com/world/2020/jul/04/coronavirus-uk-map-latest-deaths-confirmed-covid-19-cases&ct=ga&cd=CAAYBDIdZmQyNzJjNDk4NjUwYWNmYzpjb20uc2c6ZW46U0c&usg=AFQjCNHDdGATwm8uVdiPV8364_NXW-oO0Q,"Latest figures from public health authorities on the spread of Covid-19 in England, Scotland, Wales and Northern Ireland. Find out how many confirmed cases have been reported in each local authoritySe√°n Clarke and Pablo Guti√©rrezSat 4 Jul 2020 10.36 BST
Last modified on Sat 4 Jul 2020Please note: these are government figures on numbers of confirmed cases ‚Äì some people who report symptoms are not being tested, and are not included in these counts.Update 3 July: Public Health England is now including ‚Äúpillar 1‚Äù and ‚Äúpillar 2‚Äù cases for local authorities in England. Many places will have seen an apparent rise in cases, which is chiefly due to this adjustment in the way the data is published. PHE explains the nature of the change here.These figures come from data published by Public Health England, working with the Department for Health and Social Care and Health Protection Scotland. Some of the numbers are updated daily, though others may be updated more regularly.Since first being identified as a new coronavirus strain in patients from the city of Wuhan in Hubei province, China, late last year, Covid-19 has spread around the globe.The virus can cause pneumonia. Those who have fallen ill are reported to suffer coughs, fever and breathing difficulties. You can find out more about the symptoms here.There are things you can do, such as wearing a face mask, to protect yourself and slow the spread of the virus. Chief among them are regularly washing your hands for at least 20 seconds with soap and water, and catching coughs and sneezes in tissues.Due to the unprecedented and ongoing nature of the coronavirus outbreak, this article is being regularly updated to ensure that it reflects the current situation as best as possible. Any significant corrections made to this or previous versions of the article will continue to be footnoted in line with Guardian editorial policy.... we have a small favour to ask. Millions are flocking to the Guardian for quality news every day. We believe everyone deserves access to factual information, and analysis that has authority and integrity. That‚Äôs why, unlike many others, we made a choice: to keep Guardian reporting open for all, regardless of where they live or what they can afford to pay.As an open, independent news organisation we investigate, interrogate and expose the actions of those in power, without fear. With no shareholders or billionaire owner, our journalism is free from political and commercial bias ‚Äì this makes us different. We can give a voice to the oppressed and neglected, and stand in solidarity with those who are calling for a fairer future. With your help we can make a difference.We‚Äôre determined to provide journalism that helps each of us better understand the world, and take actions that challenge, unite, and inspire change ‚Äì in times of crisis and beyond. Our work would not be possible without our readers, who now support our work from 180 countries around the world.But news organisations are facing an existential threat. With advertising revenues plummeting, the Guardian risks losing a major source of its funding. More than ever before, we‚Äôre reliant on financial support from readers to fill the gap. Your support keeps us independent, open, and means we can maintain our high quality reporting ‚Äì investigating, disentangling and interrogating.Every reader contribution, however big or small, is so valuable for our future. Support the Guardian from as little as $1 ‚Äì and it only takes a minute. Thank you.We and our partners use your information ‚Äì collected through cookies and similar technologies ‚Äì to improve your experience on our site, analyse how you use it and show you personalised advertising.You can find out more in our privacy policy and cookie policy, and manage your consent at any time by going to ‚ÄòPrivacy settings‚Äô at the bottom of any page."
covid19,RE:THE GREAT CORONA HOAX - 100% Proof that COVID19 is a false flag HOAX designed to tank the economy end oust Trump,Source: Godlike Productions - TopicsForum: View ALL Economic Threads,https://www.godlikeproductions.com/forum1/message4337030/pg4,I Agree to The Terms of This Membership Contract.I have read and accept the Privacy Policy and Terms of Service.
covid19,RE:Are HIV patients high risk for COVID19? Or do antiretrovirals have a protective effect?,Source: askscienceForum: AskScience Forum,https://www.reddit.com/r/askscience/comments/hl782i/are_hiv_patients_high_risk_for_covid19_or_do/fwxfw4y/,"HIV antiretrovirals only destroy retroviruses. COVID19 is a coronavirus therefore antiretroviral medications do NOT have a protective effect on COVID19.HIV patients do not have an increased risk for COVID19 if they are currently undetectable and have an acceptable/normal amount of CD4 cells.Further to this; though some anti-HIV medications are being studied to treat or prevent COVID-19, there is no evidence yet that they work.To date lopinavir/ritonavir (Kaletra) and tenofovir/emtricitabine (Truvada), were thought may be effective but updates from trials have not shown effectiveness.To expand upon, someone who is undetectable is someone under treatment. They take their meds on time and regularly, and go get tested two-to-four times a year. Someone who is undetectable is also uninfectious, which is why civilized nations subsidize or cover HIV treatment.Someone who is not being treated, whose virus is resistant to current treatment, or who is unable to maintain the drug regimen, will be susceptible to their CD4 count falling, which means their immune system becomes more vulnerable. Such a person will be more vulnerable to COVID and other infections and will be infectious; the higher your virus level, the more infectious you are.MembersOnline"
covid19,RE:‚ö†Ô∏è HUGE $ÔøΩ COVID19 CURE!!!! Co..,"Source: NKE Conversations - Nike, Inc. Common Stock - Yahoo FinanceForum: NIKE, Inc. (NKE)",https://finance.yahoo.com/quote/NKE/community,
covid19,"My friend was scheduled for a Covid19 test and had to work late... so. She did not take the test! Two days later, She got results that said she was positive Covid19 wake up America this is bullshit!!",Source: Voat - Have your sayForum: QRV,https://voat.co/v/QRV/3908135,This website is using a security service to protect itself from online attacks.Cloudflare Ray ID: 5adcef70198ddcda ‚Ä¢ Your IP: 219.75.80.21 ‚Ä¢ Performance & security by Cloudflare
covid19,RE:Newport Beach is closed. #covid19,"Source: /r/OrangeCounty - Orange County, CA SubredditForum: r/orangecounty",https://www.reddit.com/r/orangecounty/comments/hkmpb0/newport_beach_is_closed_covid19/fwxf96e/,That Comment Is MissingMembersOnline
